Index,Level,Change,% Change
DOW,32030.109375,-530.490234375,-1.63
S&P 500,3936.969970703125,-65.900146484375,-1.65
NASDAQ,11669.9560546875,-190.154296875,-1.6
VIX,22.31999969482422,0.9400005340576172,4.4
BITCOIN,27114.552734375,-1061.263671875,-3.77
US 10-YR YIELD,3.5,-0.10599994659423828,-2.94
