Index,Level,Change,% Change
DOW,32845.13,315.49999999999636,0.97
S&P 500,4130.29,57.86000000000013,1.42
NASDAQ,12390.6875,228.09449999999924,1.88
VIX,21.33,-1.0,-4.48
BITCOIN,23890.271,33.922999999998865,0.14
US 10-YR YIELD,2.642,-0.039000000000000146,-1.45
