Index,Level,Change,% Change
DOW,34440.87890625,-76.8515625,-0.22
S&P 500,4402.2001953125,-41.75,-0.94
NASDAQ,13469.1279296875,-209.0625,-1.53
VIX,15.0600004196167,0.9500007629394531,6.73
BITCOIN,26978.146484375,223.865234375,0.84
US 10-YR YIELD,4.348999977111816,-0.015999794006347656,-0.37
