Index,Level,Change,% Change
DOW,42352.75,341.16015625,0.81
S&P 500,5751.06982421875,51.1298828125,0.9
NASDAQ,18137.849609375,219.369140625,1.22
VIX,19.170000076293945,-1.3199996948242188,-6.44
BITCOIN,62268.04296875,1508.640625,2.48
US 10-YR YIELD,3.9810001850128174,0.13100028038024902,3.4
