Index,Level,Change,% Change
DOW,34006.87890625,43.0390625,0.13
S&P 500,4337.43994140625,17.3798828125,0.4
NASDAQ,13271.3193359375,59.509765625,0.45
VIX,16.90999984741211,-0.29000091552734375,-1.69
BITCOIN,26370.880859375,114.0546875,0.43
US 10-YR YIELD,4.541999816894531,0.10399961471557617,2.34
