Index,Level,Change,% Change
DOW,38085.80078125,-375.12109375,-0.98
S&P 500,5048.419921875,-23.2099609375,-0.46
NASDAQ,15611.759765625,-100.990234375,-0.64
VIX,15.380000114440918,-0.5900001525878906,-3.69
BITCOIN,64655.5859375,378.6875,0.59
US 10-YR YIELD,4.706000328063965,0.0540003776550293,1.16
