Index,Level,Change,% Change
DOW,44283.94921875,-117.98046875,-0.27
S&P 500,6032.83984375,-20.01025390625,-0.33
NASDAQ,19650.615234375,-86.07421875,-0.44
VIX,14.260000228881836,0.07000064849853516,0.49
BITCOIN,96452.015625,-980.703125,-1.01
US 10-YR YIELD,4.220999717712402,0.021999835968017578,0.52
