Index,Level,Change,% Change
DOW,30775.43,-253.88000000000102,-0.82
S&P 500,3785.38,-33.44999999999982,-0.88
NASDAQ,11028.735,-149.15899999999965,-1.33
VIX,28.59,0.4299999999999997,1.53
BITCOIN,19024.465,-1083.8470000000016,-5.39
US 10-YR YIELD,2.972,-0.121,-3.91
