Index,Level,Change,% Change
DOW,32381.34,229.63000000000102,0.71
S&P 500,4110.41,43.04999999999973,1.06
NASDAQ,12266.41,154.10299999999916,1.27
VIX,23.87,1.0800000000000018,4.74
BITCOIN,22399.268,641.351999999999,2.95
US 10-YR YIELD,3.362,0.041000100000000206,1.23
