Index,Level,Change,% Change
DOW,32147.76,-505.4400000000023,-1.55
S&P 500,3759.69,-96.40999999999985,-2.5
NASDAQ,10524.797,-366.04899999999907,-3.36
VIX,25.84,0.030000000000001137,0.12
BITCOIN,20166.32,-317.0139999999992,-1.55
US 10-YR YIELD,4.059,0.007000000000000561,0.17
