Index,Level,Change,% Change
DOW,32105.25,75.140625,0.23
S&P 500,3948.719970703125,11.75,0.3
NASDAQ,11787.3984375,117.4384765625,1.01
VIX,22.719999313354492,0.45999908447265625,2.07
BITCOIN,28196.845703125,889.408203125,3.26
US 10-YR YIELD,3.4060001373291016,-0.09399986267089844,-2.69
