Index,Level,Change,% Change
DOW,33926.01171875,-127.9296875,-0.38
S&P 500,4136.47998046875,-43.27978515625,-1.04
NASDAQ,12006.955078125,-193.865234375,-1.59
VIX,18.399999618530273,-0.3299999237060547,-1.76
BITCOIN,23370.7734375,-101.09765625,-0.43
US 10-YR YIELD,3.5320000648498535,0.1360001564025879,4.0
