Index,Level,Change,% Change
DOW,33910.8515625,-391.7578125,-1.14
S&P 500,3990.969970703125,-8.1201171875,-0.2
NASDAQ,11095.11328125,15.953125,0.14
VIX,19.329999923706055,0.9799995422363281,5.34
BITCOIN,21322.140625,152.5078125,0.72
US 10-YR YIELD,3.5349998474121094,0.023999929428100586,0.68
