Index,Level,Change,% Change
DOW,38955.12109375,-114.109375,-0.29
S&P 500,5074.990234375,5.46044921875,0.11
NASDAQ,16034.970703125,58.720703125,0.37
VIX,13.510000228881836,-0.22999954223632812,-1.67
BITCOIN,57090.23828125,2567.8359375,4.71
US 10-YR YIELD,4.315000057220459,0.01600027084350586,0.37
