Index,Level,Change,% Change
DOW,41563.078125,228.02734375,0.55
S&P 500,5648.39990234375,56.43994140625,1.01
NASDAQ,17713.619140625,197.189453125,1.13
VIX,15.550000190734863,0.5500001907348633,3.67
BITCOIN,58555.6171875,1230.12890625,2.15
US 10-YR YIELD,3.9110000133514404,0.04399991035461426,1.14
