Index,Level,Change,% Change
DOW,42156.96875,-173.1796875,-0.41
S&P 500,5708.75,-53.72998046875,-0.93
NASDAQ,17910.359375,-278.810546875,-1.53
VIX,19.280000686645508,2.5500011444091797,15.24
BITCOIN,60907.80078125,-2421.69921875,-3.82
US 10-YR YIELD,3.743000030517578,-0.05900001525878906,-1.55
