Index,Level,Change,% Change
DOW,34951.9296875,366.578125,1.06
S&P 500,4554.97998046875,32.18994140625,0.71
NASDAQ,14353.642578125,108.6923828125,0.76
VIX,13.329999923706055,-0.14999961853027344,-1.11
BITCOIN,29735.578125,-410.310546875,-1.36
US 10-YR YIELD,3.7890000343322754,-0.007999897003173828,-0.21
