Index,Level,Change,% Change
DOW,39069.58984375,4.328125,0.01
S&P 500,5304.72021484375,36.88037109375,0.7
NASDAQ,16920.7890625,184.759765625,1.1
VIX,12.359999656677246,0.42999935150146484,3.6
BITCOIN,69551.9296875,1033.8359375,1.51
US 10-YR YIELD,4.4670000076293945,-0.007999897003173828,-0.18
