Index,Level,Change,% Change
DOW,33248.28,435.04999999999563,1.33
S&P 500,4176.82,75.59000000000015,1.84
NASDAQ,12316.898,322.4380000000001,2.69
VIX,24.69,-1.0,-3.89
BITCOIN,30309.328,556.0080000000016,1.87
US 10-YR YIELD,2.9129999,-0.018000100000000074,-0.61
