Index,Level,Change,% Change
DOW,32197.59,436.0499999999993,1.37
S&P 500,4023.61,102.55999999999995,2.62
NASDAQ,12032.423,469.84900000000016,4.06
VIX,23.3,-1.3900000000000006,-5.63
BITCOIN,22747.363,1520.2690000000002,7.16
US 10-YR YIELD,2.734,-0.05300020000000005,-1.9
