Index,Level,Change,% Change
DOW,34099.421875,-373.55859375,-1.08
S&P 500,4376.31005859375,-59.69970703125,-1.35
NASDAQ,13463.9716796875,-257.05859375,-1.87
VIX,17.170000076293945,1.1900005340576172,7.45
BITCOIN,26069.330078125,-362.310546875,-1.37
US 10-YR YIELD,4.234999656677246,0.03699970245361328,0.88
