Index,Level,Change,% Change
DOW,37348.6015625,43.44140625,0.12
S&P 500,4748.1298828125,28.93994140625,0.61
NASDAQ,14937.36328125,123.443359375,0.83
VIX,12.4399995803833,0.15999984741210938,1.3
BITCOIN,41601.76953125,237.10546875,0.57
US 10-YR YIELD,3.9539999961853027,0.026000022888183594,0.66
