Index,Level,Change,% Change
DOW,43726.3515625,1504.47265625,3.56
S&P 500,5928.52978515625,145.77001953125,2.52
NASDAQ,18978.71484375,539.544921875,2.93
VIX,16.3799991607666,-4.1100006103515625,-20.06
BITCOIN,75959.734375,6600.171875,9.52
US 10-YR YIELD,4.425999641418457,0.13699960708618164,3.19
