Index,Level,Change,% Change
DOW,32432.080078125,194.55078125,0.6
S&P 500,3977.530029296875,6.5400390625,0.16
NASDAQ,11768.8359375,-55.1240234375,-0.47
VIX,20.610000610351562,-1.1299991607666016,-5.2
BITCOIN,26987.62109375,-1006.708984375,-3.6
US 10-YR YIELD,3.5279998779296875,0.14799976348876953,4.38
