Index,Level,Change,% Change
DOW,42141.5390625,-91.51171875,-0.22
S&P 500,5813.669921875,-19.25,-0.33
NASDAQ,18607.931640625,-104.818359375,-0.56
VIX,20.3799991607666,1.039999008178711,5.38
BITCOIN,72146.203125,-574.2890625,-0.79
US 10-YR YIELD,4.265999794006348,-0.008000373840332031,-0.19
