Index,Level,Change,% Change
DOW,44490.08984375,333.359375,0.75
S&P 500,6101.7900390625,15.419921875,0.25
NASDAQ,19985.173828125,-24.166015625,-0.12
VIX,14.829999923706055,-0.2700004577636719,-1.79
BITCOIN,105906.7109375,2253.640625,2.17
US 10-YR YIELD,4.638000011444092,0.03900003433227539,0.85
