Index,Level,Change,% Change
DOW,38798.98828125,-87.18359375,-0.22
S&P 500,5346.990234375,-5.9697265625,-0.11
NASDAQ,17133.125,-39.994140625,-0.23
VIX,12.229999542236328,-0.35000038146972656,-2.78
BITCOIN,69119.0390625,-1638.125,-2.32
US 10-YR YIELD,4.429999828338623,0.14899969100952148,3.48
