Index,Level,Change,% Change
DOW,29296.79,-630.1499999999978,-2.11
S&P 500,3639.66,-104.86000000000013,-2.8
NASDAQ,10652.404,-420.90699999999924,-3.8
VIX,31.36,0.8399999999999999,2.75
BITCOIN,19515.13,-447.1239999999998,-2.24
US 10-YR YIELD,3.8830001,0.05700039999999973,1.49
