Index,Level,Change,% Change
DOW,33966.35,-142.29000000000087,-0.42
S&P 500,3995.32,-24.329999999999927,-0.61
NASDAQ,11170.887,-85.92599999999948,-0.76
VIX,21.28,-1.2699999999999996,-5.63
BITCOIN,17820.459,26.48400000000038,0.15
US 10-YR YIELD,3.5029998,0.001999800000000107,0.06
