Index,Level,Change,% Change
DOW,33833.609375,168.58984375,0.5
S&P 500,4293.93017578125,26.41015625,0.62
NASDAQ,13238.5234375,133.623046875,1.02
VIX,13.65999984741211,-0.2799997329711914,-2.01
BITCOIN,26565.97265625,219.974609375,0.83
US 10-YR YIELD,3.7139999866485596,-0.06999993324279785,-1.85
