Index,Level,Change,% Change
DOW,29888.78,-38.29000000000087,-0.13
S&P 500,3674.84,8.070000000000164,0.22
NASDAQ,10798.35,152.2510000000002,1.43
VIX,31.13,-1.8200000000000038,-5.52
BITCOIN,20585.13,246.16300000000047,1.21
US 10-YR YIELD,3.2389998,-0.06800019999999973,-2.06
