Index,Level,Change,% Change
DOW,41091.421875,-159.078125,-0.39
S&P 500,5592.18017578125,-33.61962890625,-0.6
NASDAQ,17556.02734375,-198.79296875,-1.12
VIX,17.15999984741211,1.7299995422363281,11.21
BITCOIN,58947.20703125,-556.92578125,-0.94
US 10-YR YIELD,3.8410000801086426,0.00800013542175293,0.21
