Index,Level,Change,% Change
DOW,33727.4296875,-219.28125,-0.65
S&P 500,4348.330078125,-33.56005859375,-0.77
NASDAQ,13492.515625,-138.0947265625,-1.01
VIX,13.460000038146973,0.5500001907348633,4.26
BITCOIN,30879.802734375,967.521484375,3.23
US 10-YR YIELD,3.738999843597412,-0.06000018119812012,-1.58
