Index,Level,Change,% Change
DOW,34589.77,737.239999999998,2.18
S&P 500,4080.11,122.48000000000002,3.09
NASDAQ,11467.996,484.21699999999873,4.41
VIX,20.58,-1.3100000000000023,-5.98
BITCOIN,17099.332,644.395999999997,3.92
US 10-YR YIELD,3.7029998,-0.045000200000000046,-1.2
