Index,Level,Change,% Change
DOW,44004.859375,93.87890625,0.21
S&P 500,5991.41015625,7.419921875,0.12
NASDAQ,19255.330078125,-26.0703125,-0.14
VIX,13.829999923706055,-0.880000114440918,-5.98
BITCOIN,90914.9375,2959.125,3.36
US 10-YR YIELD,4.450999736785889,0.018999576568603516,0.43
