Index,Level,Change,% Change
DOW,32856.4609375,-574.98046875,-1.72
S&P 500,3986.3701171875,-62.0498046875,-1.53
NASDAQ,11530.33203125,-145.408203125,-1.25
VIX,19.59000015258789,0.9799995422363281,5.27
BITCOIN,22041.185546875,-388.572265625,-1.73
US 10-YR YIELD,3.9749999046325684,-0.00800013542175293,-0.2
