Index,Level,Change,% Change
DOW,33684.53125,-367.16796875,-1.08
S&P 500,4119.580078125,-48.2900390625,-1.16
NASDAQ,12080.505859375,-132.09375,-1.08
VIX,17.700000762939453,1.6200008392333984,10.07
BITCOIN,28712.08984375,620.521484375,2.21
US 10-YR YIELD,3.438999891281128,-0.13499999046325684,-3.78
