Index,Level,Change,% Change
DOW,33826.69140625,129.83984375,0.39
S&P 500,4079.090087890625,-11.31982421875,-0.28
NASDAQ,11787.271484375,-68.55859375,-0.58
VIX,19.959999084472656,-0.21000099182128906,-1.04
BITCOIN,24751.3671875,443.525390625,1.82
US 10-YR YIELD,3.8279998302459717,-0.015000104904174805,-0.39
