Index,Level,Change,% Change
DOW,36075.19140625,-49.3671875,-0.14
S&P 500,4552.81005859375,-14.3701171875,-0.31
NASDAQ,14162.775390625,-67.134765625,-0.47
VIX,12.720000267028809,-0.13000011444091797,-1.01
BITCOIN,43982.51171875,-98.13671875,-0.22
US 10-YR YIELD,4.120999813079834,-0.05000019073486328,-1.2
