Index,Level,Change,% Change
DOW,32151.71,377.1899999999987,1.19
S&P 500,4067.36,61.18000000000029,1.53
NASDAQ,12112.307,250.17799999999988,2.11
VIX,22.79,-0.8200000000000003,-3.47
BITCOIN,21260.098,1938.6820000000007,10.03
US 10-YR YIELD,3.3209999,0.02900009999999975,0.88
