Index,Level,Change,% Change
DOW,39781.37109375,269.2421875,0.68
S&P 500,5241.52978515625,16.90966796875,0.32
NASDAQ,16401.8359375,32.42578125,0.2
VIX,12.930000305175781,-0.1099996566772461,-0.84
BITCOIN,65679.0703125,-2234.6015625,-3.29
US 10-YR YIELD,4.270999908447266,-0.0019998550415039062,-0.05
