Index,Level,Change,% Change
DOW,39807.37109375,47.29296875,0.12
S&P 500,5254.35009765625,5.85986328125,0.11
NASDAQ,16379.4580078125,-20.0615234375,-0.12
VIX,13.020000457763672,0.24000072479248047,1.88
BITCOIN,70679.1484375,1223.8046875,1.76
US 10-YR YIELD,4.206000328063965,0.010000228881835938,0.24
