Index,Level,Change,% Change
DOW,34299.12109375,-108.9375,-0.32
S&P 500,4409.58984375,-16.25,-0.37
NASDAQ,13689.5712890625,-93.2490234375,-0.68
VIX,13.489999771118164,-1.010000228881836,-6.97
BITCOIN,26323.21484375,746.8203125,2.92
US 10-YR YIELD,3.7689998149871826,0.0409998893737793,1.1
