Index,Level,Change,% Change
DOW,33743.83984375,9.87890625,0.03
S&P 500,4016.219970703125,-0.72998046875,-0.02
NASDAQ,11313.357421875,-20.912109375,-0.18
VIX,19.100000381469727,-0.10000038146972656,-0.52
BITCOIN,22905.037109375,268.568359375,1.19
US 10-YR YIELD,3.4619998931884766,-0.0070002079010009766,-0.2
