Index,Level,Change,% Change
DOW,32798.4,-46.729999999995925,-0.14
S&P 500,4118.63,-11.659999999999854,-0.28
NASDAQ,12368.976,-21.711499999999432,-0.18
VIX,22.84,1.5100000000000016,7.08
BITCOIN,23057.213,-253.14700000000084,-1.09
US 10-YR YIELD,2.606,-0.03600000000000003,-1.36
