Index,Level,Change,% Change
DOW,39853.87109375,-504.21875,-1.25
S&P 500,5427.1298828125,-128.6103515625,-2.31
NASDAQ,17342.4140625,-654.935546875,-3.64
VIX,18.06999969482422,3.34999942779541,22.76
BITCOIN,65918.578125,-9.09375,-0.01
US 10-YR YIELD,4.2860002517700195,0.04700040817260742,1.11
