Index,Level,Change,% Change
DOW,33433.3515625,-74.1484375,-0.22
S&P 500,4288.39013671875,0.34033203125,0.01
NASDAQ,13307.7724609375,88.4521484375,0.67
VIX,17.6200008392334,0.10000038146972656,0.57
BITCOIN,27868.345703125,-115.404296875,-0.41
US 10-YR YIELD,4.683000087738037,0.1100001335144043,2.41
