Index,Level,Change,% Change
DOW,33596.34,-350.76000000000204,-1.03
S&P 500,3941.26,-57.57999999999993,-1.44
NASDAQ,11014.89,-225.04750000000058,-2.0
VIX,22.17,1.4200000000000017,6.84
BITCOIN,17002.9,16.580000000001746,0.1
US 10-YR YIELD,3.513,-0.08600019999999997,-2.39
