Index,Level,Change,% Change
DOW,38905.66015625,-137.66015625,-0.35
S&P 500,5150.47998046875,-14.830078125,-0.29
NASDAQ,16128.529296875,-49.240234375,-0.3
VIX,14.319999694824219,0.5699996948242188,4.15
BITCOIN,70337.3046875,-2746.1953125,-3.76
US 10-YR YIELD,4.297999858856201,0.10599994659423828,2.53
