Index,Level,Change,% Change
DOW,33375.48828125,330.9296875,1.0
S&P 500,3972.610107421875,73.760009765625,1.89
NASDAQ,11140.4345703125,288.1650390625,2.66
VIX,19.770000457763672,-0.75,-3.65
BITCOIN,22229.625,1142.83203125,5.42
US 10-YR YIELD,3.4839999675750732,0.08699989318847656,2.56
