Index,Level,Change,% Change
DOW,40003.58984375,134.2109375,0.34
S&P 500,5303.27001953125,6.169921875,0.12
NASDAQ,16685.966796875,-12.353515625,-0.07
VIX,11.989999771118164,-0.43000030517578125,-3.46
BITCOIN,66940.4375,1708.85546875,2.62
US 10-YR YIELD,4.420000076293945,0.043000221252441406,0.98
