Index,Level,Change,% Change
DOW,32001.25,-146.5099999999984,-0.46
S&P 500,3719.89,-39.80000000000018,-1.06
NASDAQ,10342.94,-181.85699999999997,-1.73
VIX,25.23,-0.629999999999999,-2.44
BITCOIN,20244.602,85.8189999999995,0.43
US 10-YR YIELD,4.124,0.0649999999999995,1.6
