Index,Level,Change,% Change
DOW,37922.53125,116.140625,0.31
S&P 500,4881.56005859375,13.01025390625,0.27
NASDAQ,15479.365234375,-2.5546875,-0.02
VIX,13.4399995803833,0.2999992370605469,2.28
BITCOIN,39919.8671875,-157.20703125,-0.39
US 10-YR YIELD,4.131999969482422,-0.046000003814697266,-1.1
