Index,Level,Change,% Change
DOW,33670.2890625,39.1484375,0.12
S&P 500,4327.77978515625,-21.830078125,-0.5
NASDAQ,13407.234375,-166.9853515625,-1.23
VIX,19.219999313354492,2.529998779296875,15.16
BITCOIN,26757.51953125,0.720703125,0.0
US 10-YR YIELD,4.629000186920166,-0.08299970626831055,-1.76
