Index,Level,Change,% Change
DOW,34443.19140625,-198.77734375,-0.57
S&P 500,4465.47998046875,-31.35009765625,-0.7
NASDAQ,13872.470703125,-148.4794921875,-1.06
VIX,14.449999809265137,0.4399995803833008,3.14
BITCOIN,25671.982421875,-108.0,-0.42
US 10-YR YIELD,4.289999961853027,0.021999835968017578,0.52
