Index,Level,Change,% Change
DOW,39164.05859375,36.2578125,0.09
S&P 500,5482.8701171875,4.97021484375,0.09
NASDAQ,17858.68359375,53.5234375,0.3
VIX,12.210000038146973,-0.3400001525878906,-2.71
BITCOIN,61468.390625,657.11328125,1.08
US 10-YR YIELD,4.288000106811523,-0.0279998779296875,-0.65
