Index,Level,Change,% Change
DOW,40589.33984375,654.26953125,1.64
S&P 500,5459.10009765625,59.8798828125,1.11
NASDAQ,17357.880859375,176.16015625,1.03
VIX,16.389999389648438,-2.0699996948242188,-11.21
BITCOIN,67789.9375,2012.7109375,3.06
US 10-YR YIELD,4.199999809265137,-0.0560002326965332,-1.32
