Index,Level,Change,% Change
DOW,33153.91015625,108.8203125,0.33
S&P 500,4012.320068359375,21.27001953125,0.53
NASDAQ,11590.4013671875,83.3310546875,0.72
VIX,21.110000610351562,-1.1800003051757812,-5.29
BITCOIN,24003.19921875,-433.154296875,-1.77
US 10-YR YIELD,3.879000186920166,-0.04399991035461426,-1.12
