Index,Level,Change,% Change
DOW,33976.62890625,-10.55078125,-0.03
S&P 500,4154.8701171875,3.55029296875,0.09
NASDAQ,12153.4111328125,-4.30859375,-0.04
VIX,16.860000610351562,-0.09000015258789062,-0.53
BITCOIN,30259.05078125,814.005859375,2.76
US 10-YR YIELD,3.572000026702881,-0.01900005340576172,-0.53
