Index,Level,Change,% Change
DOW,44713.609375,-68.390625,-0.15
S&P 500,6048.8701171875,1.72021484375,0.03
NASDAQ,19453.916015625,49.966796875,0.26
VIX,13.319999694824219,-0.020000457763671875,-0.15
BITCOIN,95472.5859375,-392.71875,-0.41
US 10-YR YIELD,4.2230000495910645,0.026999950408935547,0.64
