Index,Level,Change,% Change
DOW,33978.078125,28.66796875,0.08
S&P 500,4070.56005859375,10.130126953125,0.25
NASDAQ,11621.7099609375,109.2998046875,0.95
VIX,18.510000228881836,-0.2199993133544922,-1.17
BITCOIN,23157.11328125,124.3359375,0.54
US 10-YR YIELD,3.5180001258850098,0.02500009536743164,0.72
