Index,Level,Change,% Change
DOW,38852.859375,-216.73046875,-0.55
S&P 500,5306.0400390625,1.31982421875,0.02
NASDAQ,17019.880859375,99.091796875,0.59
VIX,12.890000343322754,0.9600000381469727,8.05
BITCOIN,68339.0546875,-1055.5,-1.52
US 10-YR YIELD,4.541999816894531,0.07499980926513672,1.68
