Index,Level,Change,% Change
DOW,31874.84,47.79000000000087,0.15
S&P 500,3959.9,23.210000000000036,0.59
NASDAQ,11897.651,184.503999999999,1.58
VIX,23.88,-0.620000000000001,-2.53
BITCOIN,23146.193,-247.6700000000019,-1.06
US 10-YR YIELD,3.036,0.016999999999999904,0.56
