Index,Level,Change,% Change
DOW,31318.44,-337.96000000000276,-1.07
S&P 500,3924.26,-42.58999999999969,-1.07
NASDAQ,11630.864,-154.2360000000008,-1.31
VIX,25.99,0.4299999999999997,1.68
BITCOIN,19763.334,-263.96600000000035,-1.32
US 10-YR YIELD,3.193,-0.07200000000000006,-2.21
