Index,Level,Change,% Change
DOW,32813.23,-176.88999999999942,-0.54
S&P 500,4101.23,-30.920000000000073,-0.75
NASDAQ,11994.46,-86.9320000000007,-0.72
VIX,25.69,-0.5,-1.91
BITCOIN,29838.457,-1996.5270000000019,-6.27
US 10-YR YIELD,2.931,0.08700000000000019,3.06
