Index,Level,Change,% Change
DOW,30038.72,827.8700000000026,2.83
S&P 500,3669.91,92.87999999999965,2.6
NASDAQ,10649.152,232.05299999999988,2.23
VIX,31.94,-1.629999999999999,-4.86
BITCOIN,19410.332,256.78499999999985,1.34
US 10-YR YIELD,3.9520001,0.05000009999999966,1.28
