Index,Level,Change,% Change
DOW,31288.26,658.0900000000001,2.15
S&P 500,3863.16,72.77999999999975,1.92
NASDAQ,11452.421,201.23500000000058,1.79
VIX,24.21,-2.1899999999999977,-8.3
BITCOIN,21080.527,509.73199999999997,2.48
US 10-YR YIELD,2.9299998,-0.03000019999999992,-1.01
