Index,Level,Change,% Change
DOW,33839.078125,564.5,1.7
S&P 500,4317.77978515625,79.919921875,1.89
NASDAQ,13294.1904296875,232.720703125,1.78
VIX,15.600000381469727,-1.2700004577636719,-7.53
BITCOIN,35057.921875,-379.33203125,-1.07
US 10-YR YIELD,4.668999671936035,-0.12000036239624023,-2.51
