Index,Level,Change,% Change
DOW,39344.7890625,-31.08203125,-0.08
S&P 500,5572.85009765625,5.66015625,0.1
NASDAQ,18403.73828125,50.978515625,0.28
VIX,12.359999656677246,-0.11999988555908203,-0.96
BITCOIN,56416.59375,567.484375,1.02
US 10-YR YIELD,4.269000053405762,-0.0029997825622558594,-0.07
