Index,Level,Change,% Change
DOW,33734.87890625,-187.3828125,-0.55
S&P 500,4398.9501953125,-12.6396484375,-0.29
NASDAQ,13660.7158203125,-18.32421875,-0.13
VIX,14.819999694824219,-0.619999885559082,-4.02
BITCOIN,30233.095703125,323.7578125,1.08
US 10-YR YIELD,4.050000190734863,0.009000301361083984,0.22
