Index,Level,Change,% Change
DOW,33530.828125,-344.5703125,-1.02
S&P 500,4071.6298828125,-65.41015625,-1.58
NASDAQ,11799.1572265625,-238.04296875,-1.98
VIX,18.8799991607666,1.989999771118164,11.78
BITCOIN,27917.25,391.91015625,1.42
US 10-YR YIELD,3.3959999084472656,-0.11900019645690918,-3.39
