Index,Level,Change,% Change
DOW,38997.66015625,294.390625,0.76
S&P 500,5240.02978515625,53.69970703125,1.04
NASDAQ,16366.8544921875,166.7744140625,1.03
VIX,27.8799991607666,-10.690000534057617,-27.72
BITCOIN,56565.953125,2574.49609375,4.77
US 10-YR YIELD,3.888000011444092,0.10299992561340332,2.72
