Index,Level,Change,% Change
DOW,33002.37890625,-430.97265625,-1.29
S&P 500,4229.4501953125,-58.93994140625,-1.37
NASDAQ,13059.4658203125,-248.3037109375,-1.87
VIX,19.780000686645508,2.1700000762939453,12.32
BITCOIN,27347.298828125,-183.486328125,-0.67
US 10-YR YIELD,4.802000045776367,0.11899995803833008,2.54
