Index,Level,Change,% Change
DOW,33212.96,575.7599999999984,1.76
S&P 500,4158.24,100.39999999999964,2.47
NASDAQ,12131.131,390.4309999999987,3.33
VIX,26.54,-0.9600000000000009,-3.49
BITCOIN,31140.773,1699.933000000001,5.77
US 10-YR YIELD,2.743,-0.0129999999999999,-0.47
