Index,Level,Change,% Change
DOW,38904.0390625,307.05859375,0.8
S&P 500,5204.33984375,57.1298828125,1.11
NASDAQ,16248.5205078125,199.4404296875,1.24
VIX,16.06999969482422,-0.2800006866455078,-1.71
BITCOIN,67467.2109375,-1041.6328125,-1.52
US 10-YR YIELD,4.377999782562256,0.0689997673034668,1.6
