Index,Level,Change,% Change
DOW,35411.23828125,183.546875,0.52
S&P 500,4554.64013671875,18.30029296875,0.4
NASDAQ,14058.8662109375,26.056640625,0.19
VIX,13.84000015258789,0.23999977111816406,1.76
BITCOIN,29119.916015625,-651.88671875,-2.19
US 10-YR YIELD,3.8569998741149902,0.019999980926513672,0.52
