Index,Level,Change,% Change
DOW,35215.890625,-66.62890625,-0.19
S&P 500,4501.89013671875,-11.5,-0.25
NASDAQ,13959.71484375,-13.7353515625,-0.1
VIX,16.020000457763672,-0.06999969482421875,-0.44
BITCOIN,29307.5546875,155.595703125,0.53
US 10-YR YIELD,4.189000129699707,0.11100006103515625,2.72
