Index,Level,Change,% Change
DOW,29202.88,-93.90999999999985,-0.32
S&P 500,3612.39,-27.269999999999982,-0.75
NASDAQ,10542.102,-110.30199999999968,-1.04
VIX,32.45,1.0900000000000034,3.48
BITCOIN,19242.445,-194.96900000000096,-1.0
US 10-YR YIELD,3.888,0.004999900000000057,0.13
