Index,Level,Change,% Change
DOW,38703.26953125,-1033.9921875,-2.6
S&P 500,5186.330078125,-160.22998046875,-3.0
NASDAQ,16200.08203125,-576.078125,-3.43
VIX,37.459999084472656,14.069999694824219,60.15
BITCOIN,53911.9609375,-4205.015625,-7.24
US 10-YR YIELD,3.7849998474121094,-0.0070002079010009766,-0.18
