Index,Level,Change,% Change
DOW,29239.19,36.30999999999767,0.12
S&P 500,3588.84,-23.549999999999727,-0.65
NASDAQ,10426.191,-115.91100000000006,-1.1
VIX,33.63,1.1799999999999997,3.64
BITCOIN,19031.521,-71.34899999999834,-0.37
US 10-YR YIELD,3.939,0.051000000000000156,1.31
