Index,Level,Change,% Change
DOW,38790.4296875,75.66015625,0.2
S&P 500,5149.419921875,32.330078125,0.63
NASDAQ,16103.4482421875,130.2783203125,0.82
VIX,14.34000015258789,-0.06999969482421875,-0.49
BITCOIN,67149.0234375,-1241.6015625,-1.82
US 10-YR YIELD,4.340000152587891,0.03600025177001953,0.84
