Index,Level,Change,% Change
DOW,43291.3984375,773.1171875,1.82
S&P 500,5958.60986328125,115.69970703125,1.98
NASDAQ,19540.263671875,495.873046875,2.6
VIX,16.079999923706055,-2.6299991607666016,-14.06
BITCOIN,100603.6171875,4069.5703125,4.22
US 10-YR YIELD,4.6529998779296875,-0.13500022888183594,-2.82
