Index,Level,Change,% Change
DOW,37775.37890625,22.0703125,0.06
S&P 500,5011.1201171875,-11.08984375,-0.22
NASDAQ,15601.4990234375,-81.87109375,-0.52
VIX,18.049999237060547,-0.15999984741210938,-0.88
BITCOIN,63418.47265625,2141.78125,3.5
US 10-YR YIELD,4.647000312805176,0.062000274658203125,1.35
