Index,Level,Change,% Change
DOW,31510.43,-280.4399999999987,-0.88
S&P 500,3955.0,-31.159999999999854,-0.78
NASDAQ,11816.203,-66.9340000000011,-0.56
VIX,25.85,-0.35999999999999943,-1.37
BITCOIN,20199.832,366.8809999999976,1.85
US 10-YR YIELD,3.133,0.02299989999999985,0.74
