Index,Level,Change,% Change
DOW,29225.61,-458.130000000001,-1.54
S&P 500,3640.47,-78.57000000000016,-2.11
NASDAQ,10737.506,-314.1310000000012,-2.84
VIX,31.84,1.6600000000000001,5.5
BITCOIN,19407.598,-28.620999999999185,-0.15
US 10-YR YIELD,3.7470002,0.04200019999999993,1.13
