Index,Level,Change,% Change
DOW,38571.03125,-115.2890625,-0.3
S&P 500,5283.39990234375,5.89013671875,0.11
NASDAQ,16828.669921875,93.650390625,0.56
VIX,13.130000114440918,0.21000003814697266,1.63
BITCOIN,69454.546875,1702.9453125,2.51
US 10-YR YIELD,4.4019999504089355,-0.1119999885559082,-2.48
