Index,Level,Change,% Change
DOW,37912.71875,-89.08984375,-0.23
S&P 500,4862.330078125,11.89990234375,0.25
NASDAQ,15411.5283203125,51.23828125,0.33
VIX,12.710000038146973,-0.4799995422363281,-3.64
BITCOIN,39222.4609375,-284.90625,-0.72
US 10-YR YIELD,4.1419997215271,0.04799985885620117,1.17
