Index,Level,Change,% Change
DOW,32920.46,-281.76000000000204,-0.85
S&P 500,3852.36,-43.38999999999987,-1.11
NASDAQ,10705.414,-105.11199999999917,-0.97
VIX,22.65,-0.17999999999999972,-0.79
BITCOIN,16871.945,-495.89900000000125,-2.86
US 10-YR YIELD,3.4819999,0.03199989999999975,0.93
