Index,Level,Change,% Change
DOW,42052.19140625,288.73046875,0.69
S&P 500,5728.7998046875,23.349609375,0.41
NASDAQ,18239.91796875,144.767578125,0.8
VIX,21.829999923706055,-1.3299999237060547,-5.74
BITCOIN,69337.2890625,-877.8984375,-1.25
US 10-YR YIELD,4.361000061035156,0.07700014114379883,1.8
