Index,Level,Change,% Change
DOW,32859.03125,141.431640625,0.43
S&P 500,4050.830078125,23.02001953125,0.57
NASDAQ,12013.4716796875,87.2314453125,0.73
VIX,19.040000915527344,-0.07999992370605469,-0.42
BITCOIN,27970.498046875,-377.943359375,-1.33
US 10-YR YIELD,3.550999879837036,-0.015000104904174805,-0.42
