Index,Level,Change,% Change
DOW,34946.390625,-361.23828125,-1.02
S&P 500,4437.85986328125,-51.8603515625,-1.16
NASDAQ,13631.046875,-157.283203125,-1.14
VIX,16.450000762939453,1.6300010681152344,11.0
BITCOIN,29176.134765625,-232.30859375,-0.79
US 10-YR YIELD,4.220999717712402,0.03699970245361328,0.88
