Index,Level,Change,% Change
DOW,36585.12109375,180.19140625,0.49
S&P 500,4642.41015625,19.97021484375,0.43
NASDAQ,14522.560546875,90.0703125,0.62
VIX,11.90999984741211,-0.7200002670288086,-5.7
BITCOIN,41113.77734375,-130.0546875,-0.32
US 10-YR YIELD,4.206000328063965,-0.032999515533447266,-0.78
