Index,Level,Change,% Change
DOW,40834.96875,0.0,0.0
S&P 500,5620.85009765625,23.72998046875,0.42
NASDAQ,17918.986328125,102.046875,0.57
VIX,16.299999237060547,0.4199991226196289,2.64
BITCOIN,61395.9921875,2383.19921875,4.04
US 10-YR YIELD,3.7779998779296875,-0.040000200271606445,-1.05
