Index,Level,Change,% Change
DOW,33286.578125,-140.05078125,-0.42
S&P 500,4192.6298828125,0.64990234375,0.02
NASDAQ,12720.7763671875,62.8759765625,0.5
VIX,17.18000030517578,0.37000083923339844,2.2
BITCOIN,26856.955078125,103.12890625,0.39
US 10-YR YIELD,3.7189998626708984,0.026999950408935547,0.73
