Index,Level,Change,% Change
DOW,32045.25,-115.4900000000016,-0.36
S&P 500,3973.2,-27.850000000000364,-0.7
NASDAQ,11515.944,-221.72700000000077,-1.89
VIX,32.28,-0.7100000000000009,-2.15
BITCOIN,30190.81,-794.9830000000002,-2.57
US 10-YR YIELD,2.9290001,-0.06399989999999978,-2.14
