Index,Level,Change,% Change
DOW,31827.05,754.4399999999987,2.43
S&P 500,3936.69,105.84000000000015,2.76
NASDAQ,11713.147,353.09900000000016,3.11
VIX,24.52,-0.7800000000000011,-3.08
BITCOIN,23338.332,1053.966999999997,4.73
US 10-YR YIELD,3.019,0.05900000000000016,1.99
