Index,Level,Change,% Change
DOW,38460.69921875,-529.12890625,-1.36
S&P 500,5057.39013671875,-73.56005859375,-1.43
NASDAQ,15866.4853515625,-341.0244140625,-2.1
VIX,14.649999618530273,1.1599998474121094,8.6
BITCOIN,62605.83984375,-5724.57421875,-8.38
US 10-YR YIELD,4.13700008392334,-0.0819997787475586,-1.94
