Index,Level,Change,% Change
DOW,43316.0,47.05859375,0.11
S&P 500,5900.7001953125,-16.27978515625,-0.28
NASDAQ,18894.244140625,-93.2265625,-0.49
VIX,17.639999389648438,1.289999008178711,7.89
BITCOIN,94292.015625,1948.2265625,2.11
US 10-YR YIELD,4.406000137329102,0.026999950408935547,0.62
