Index,Level,Change,% Change
DOW,31834.11,-326.630000000001,-1.02
S&P 500,3935.18,-65.87000000000035,-1.65
NASDAQ,11364.235,-373.4359999999997,-3.18
VIX,32.5,-0.490000000000002,-1.49
BITCOIN,29144.322,-1841.4710000000014,-5.94
US 10-YR YIELD,2.921,-0.07200000000000006,-2.41
