Index,Level,Change,% Change
DOW,33631.140625,-173.73046875,-0.51
S&P 500,4349.60986328125,-27.34033203125,-0.62
NASDAQ,13574.2197265625,-85.4599609375,-0.63
VIX,16.670000076293945,0.5799999237060547,3.6
BITCOIN,26721.287109375,-152.033203125,-0.57
US 10-YR YIELD,4.711999893188477,0.11700010299682617,2.55
