Index,Level,Change,% Change
DOW,34418.46875,10.8671875,0.03
S&P 500,4455.58984375,5.2099609375,0.12
NASDAQ,13816.7724609375,28.8525390625,0.21
VIX,13.569999694824219,-0.020000457763671875,-0.15
BITCOIN,31228.8046875,608.03515625,1.99
US 10-YR YIELD,3.8580002784729004,0.03900027275085449,1.02
