Index,Level,Change,% Change
DOW,38430.53125,-223.890625,-0.58
S&P 500,4947.27978515625,-11.330078125,-0.23
NASDAQ,15593.109375,-35.8408203125,-0.23
VIX,13.699999809265137,-0.15000057220458984,-1.08
BITCOIN,42464.6328125,-118.94921875,-0.28
US 10-YR YIELD,4.164000034332275,0.13100004196166992,3.25
