Index,Level,Change,% Change
DOW,34122.421875,269.76171875,0.8
S&P 500,4396.43994140625,19.580078125,0.45
NASDAQ,13591.3310546875,-0.4189453125,-0.0
VIX,13.539999961853027,0.1099996566772461,0.82
BITCOIN,30376.87890625,290.6328125,0.97
US 10-YR YIELD,3.8540000915527344,0.14400005340576172,3.88
