Index,Level,Change,% Change
DOW,33553.83,-39.08999999999651,-0.12
S&P 500,3958.79,-32.940000000000055,-0.83
NASDAQ,11183.658,-174.7520000000004,-1.54
VIX,24.17,-0.36999999999999744,-1.51
BITCOIN,16564.658,-335.6150000000016,-1.99
US 10-YR YIELD,3.692,-0.10700029999999972,-2.82
