Index,Level,Change,% Change
DOW,33717.08984375,-260.98828125,-0.77
S&P 500,4017.77001953125,-52.7900390625,-1.3
NASDAQ,11393.814453125,-227.8955078125,-1.96
VIX,19.950000762939453,1.4400005340576172,7.78
BITCOIN,22793.19921875,-981.3671875,-4.13
US 10-YR YIELD,3.550999879837036,0.03299999237060547,0.94
