Index,Level,Change,% Change
DOW,35459.2890625,176.5703125,0.5
S&P 500,4582.22998046875,44.81982421875,0.99
NASDAQ,14316.6572265625,266.546875,1.9
VIX,13.34000015258789,-1.0699996948242188,-7.43
BITCOIN,29285.37109375,74.681640625,0.26
US 10-YR YIELD,3.9689998626708984,-0.043000221252441406,-1.07
