Index,Level,Change,% Change
DOW,33535.91015625,115.140625,0.34
S&P 500,4198.0498046875,39.27978515625,0.94
NASDAQ,12688.837890625,188.267578125,1.51
VIX,16.06999969482422,-0.8000011444091797,-4.74
BITCOIN,26746.486328125,-652.31640625,-2.38
US 10-YR YIELD,3.6480000019073486,0.06699991226196289,1.87
