Index,Level,Change,% Change
DOW,34357.2109375,74.109375,0.22
S&P 500,4417.16015625,1.919921875,0.04
NASDAQ,13793.337890625,-4.7724609375,-0.03
VIX,14.699999809265137,0.5299997329711914,3.74
BITCOIN,36833.53125,-220.98828125,-0.6
US 10-YR YIELD,4.631999969482422,0.004000186920166016,0.09
