Index,Level,Change,% Change
DOW,31145.3,-173.13999999999942,-0.55
S&P 500,3908.19,-16.070000000000164,-0.41
NASDAQ,11544.909,-85.95499999999993,-0.74
VIX,26.9,0.9100000000000001,3.5
BITCOIN,18863.686,-942.0049999999974,-4.76
US 10-YR YIELD,3.3400002,0.14700019999999991,4.6
