Index,Level,Change,% Change
DOW,39069.58984375,4.328125,0.01
S&P 500,5304.72021484375,36.88037109375,0.7
NASDAQ,16920.794921875,184.765625,1.1
VIX,11.920000076293945,-0.8500003814697266,-6.66
BITCOIN,68930.2109375,1000.6484375,1.47
US 10-YR YIELD,4.4670000076293945,-0.007999897003173828,-0.18
