Index,Level,Change,% Change
DOW,38278.5703125,-188.73828125,-0.49
S&P 500,4866.580078125,-58.39013671875,-1.19
NASDAQ,15250.001953125,-259.8984375,-1.68
VIX,14.390000343322754,1.0799999237060547,8.11
BITCOIN,42865.08203125,-87.52734375,-0.2
US 10-YR YIELD,3.9669997692108154,-0.09200024604797363,-2.27
