Index,Level,Change,% Change
DOW,38503.69140625,263.7109375,0.69
S&P 500,5070.5498046875,59.94970703125,1.2
NASDAQ,15696.6396484375,245.330078125,1.59
VIX,15.739999771118164,-1.2000007629394531,-7.08
BITCOIN,66041.4140625,-796.265625,-1.19
US 10-YR YIELD,4.5980000495910645,-0.02500009536743164,-0.54
