Index,Level,Change,% Change
DOW,42943.48828125,601.25,1.42
S&P 500,5945.43017578125,78.35009765625,1.34
NASDAQ,19625.74609375,252.9765625,1.31
VIX,18.420000076293945,-5.670000076293945,-23.54
BITCOIN,97138.1015625,-352.8515625,-0.36
US 10-YR YIELD,4.52400016784668,-0.046000003814697266,-1.01
