Index,Level,Change,% Change
DOW,42863.859375,409.73828125,0.97
S&P 500,5815.02978515625,34.97998046875,0.61
NASDAQ,18342.9375,60.88671875,0.33
VIX,20.469999313354492,-0.46000099182128906,-2.2
BITCOIN,62989.75,2715.25,4.5
US 10-YR YIELD,4.072999954223633,-0.023000240325927734,-0.56
