Index,Level,Change,% Change
DOW,34005.04,528.5800000000017,1.58
S&P 500,3990.56,56.179999999999836,1.43
NASDAQ,11143.738,139.12099999999919,1.26
VIX,24.99,2.16,9.46
BITCOIN,17160.973,88.46700000000055,0.52
US 10-YR YIELD,3.611,0.04400000000000004,1.23
