Index,Level,Change,% Change
DOW,32396.17,-402.2300000000032,-1.23
S&P 500,4091.19,-27.440000000000055,-0.67
NASDAQ,12348.758,-20.218000000000757,-0.16
VIX,23.97,1.129999999999999,4.95
BITCOIN,23005.754,-263.9939999999988,-1.13
US 10-YR YIELD,2.741,0.13500000000000023,5.18
