Index,Level,Change,% Change
DOW,32803.47,76.65000000000146,0.23
S&P 500,4145.19,-6.75,-0.16
NASDAQ,12657.555,-63.024999999999636,-0.5
VIX,21.16,-0.28000000000000114,-1.31
BITCOIN,22938.92,326.74199999999837,1.44
US 10-YR YIELD,2.84,0.1639999999999997,6.13
