Index,Level,Change,% Change
DOW,38477.30859375,327.0078125,0.86
S&P 500,4900.6201171875,54.97021484375,1.13
NASDAQ,15354.25390625,190.244140625,1.25
VIX,13.960000038146973,-0.3900003433227539,-2.72
BITCOIN,43100.890625,518.28515625,1.22
US 10-YR YIELD,3.8630001544952393,-0.10399985313415527,-2.62
