Index,Level,Change,% Change
DOW,31261.9,8.770000000000437,0.03
S&P 500,3901.36,0.5700000000001637,0.01
NASDAQ,11354.617,-33.87800000000061,-0.3
VIX,29.53,0.17999999999999972,0.61
BITCOIN,29281.463,-1007.5550000000003,-3.33
US 10-YR YIELD,2.7870002,-0.06799979999999994,-2.38
