Index,Level,Change,% Change
DOW,43439.76953125,-311.08984375,-0.71
S&P 500,5868.77001953125,-80.39990234375,-1.35
NASDAQ,18681.009765625,-426.640625,-2.23
VIX,16.420000076293945,2.109999656677246,14.74
BITCOIN,90954.5078125,3704.078125,4.25
US 10-YR YIELD,4.427999973297119,0.009999752044677734,0.23
