Index,Level,Change,% Change
DOW,37272.69921875,190.69921875,0.51
S&P 500,4729.5,31.14990234375,0.66
NASDAQ,14917.0576171875,139.1171875,0.94
VIX,13.84000015258789,0.1700000762939453,1.24
BITCOIN,43652.76953125,0.51953125,0.0
US 10-YR YIELD,3.8939998149871826,0.01699972152709961,0.44
