Index,Level,Change,% Change
DOW,33180.14,264.3600000000006,0.8
S&P 500,4160.68,39.25,0.95
NASDAQ,12175.231,113.86099999999897,0.94
VIX,24.02,-1.0500000000000007,-4.19
BITCOIN,31350.455,37.03900000000067,0.12
US 10-YR YIELD,2.972,-0.0659999,-2.17
