Index,Level,Change,% Change
DOW,38747.421875,-120.6171875,-0.31
S&P 500,5375.31982421875,14.52978515625,0.27
NASDAQ,17343.546875,151.017578125,0.88
VIX,12.899999618530273,0.15999984741210938,1.26
BITCOIN,67336.9375,-2175.34375,-3.13
US 10-YR YIELD,4.404000282287598,-0.06499958038330078,-1.45
