Index,Level,Change,% Change
DOW,39113.1796875,-18.3515625,-0.05
S&P 500,5077.81005859375,-10.98974609375,-0.22
NASDAQ,16000.5068359375,3.6865234375,0.02
VIX,13.75,0.0,0.0
BITCOIN,54381.4765625,2648.23828125,5.12
US 10-YR YIELD,4.299000263214111,0.03900003433227539,0.92
