Index,Level,Change,% Change
DOW,37619.6015625,-69.9375,-0.19
S&P 500,4727.10986328125,-42.72021484375,-0.9
NASDAQ,14700.416015625,-310.93359375,-2.07
VIX,13.479999542236328,1.0299997329711914,8.27
BITCOIN,45018.51171875,851.1796875,1.93
US 10-YR YIELD,3.94599986076355,0.07999992370605469,2.07
