Index,Level,Change,% Change
DOW,34921.71875,583.84765625,1.7
S&P 500,4507.43017578125,95.88037109375,2.17
NASDAQ,14119.140625,351.400390625,2.55
VIX,14.039999961853027,-0.7200002670288086,-4.88
BITCOIN,35429.69921875,-1072.65625,-2.94
US 10-YR YIELD,4.440999984741211,-0.19099998474121094,-4.12
