Index,Level,Change,% Change
DOW,40287.53125,-377.48828125,-0.93
S&P 500,5505.0,-39.58984375,-0.71
NASDAQ,17726.939453125,-144.28125,-0.81
VIX,16.559999465942383,0.6299991607666016,3.95
BITCOIN,66953.46875,2979.40234375,4.66
US 10-YR YIELD,4.238999843597412,0.04999971389770508,1.19
