Index,Level,Change,% Change
DOW,43321.078125,24.046875,0.06
S&P 500,6043.72998046875,3.68994140625,0.06
NASDAQ,20059.08203125,27.951171875,0.14
VIX,14.710000038146973,0.4399995803833008,3.08
BITCOIN,95362.4921875,-3936.703125,-3.96
US 10-YR YIELD,4.578999996185303,-0.012000083923339844,-0.26
