Index,Level,Change,% Change
DOW,31135.09,30.11999999999898,0.1
S&P 500,3946.01,13.320000000000164,0.34
NASDAQ,11719.678,86.10399999999936,0.74
VIX,26.16,-1.1099999999999994,-4.07
BITCOIN,19957.092,-201.5799999999981,-1.0
US 10-YR YIELD,3.412,-0.010000199999999904,-0.29
