Index,Level,Change,% Change
DOW,43393.171875,-51.81640625,-0.12
S&P 500,5897.419921875,26.7998046875,0.46
NASDAQ,18817.08203125,136.962890625,0.73
VIX,15.380000114440918,-0.7599992752075195,-4.71
BITCOIN,91772.5,1926.6484375,2.14
US 10-YR YIELD,4.414000034332275,-0.01399993896484375,-0.32
