Index,Level,Change,% Change
DOW,33597.92,1.5800000000017462,0.0
S&P 500,3933.92,-7.3400000000001455,-0.19
NASDAQ,10958.554,-56.33599999999933,-0.51
VIX,22.62,0.4499999999999993,2.03
BITCOIN,16826.871,-259.6150000000016,-1.52
US 10-YR YIELD,3.4080002,-0.10499979999999987,-2.99
