Index,Level,Change,% Change
DOW,34585.3515625,76.3203125,0.22
S&P 500,4522.7900390625,17.3701171875,0.39
NASDAQ,14244.9482421875,131.248046875,0.93
VIX,13.5,0.15999984741210938,1.2
BITCOIN,29942.361328125,-306.771484375,-1.01
US 10-YR YIELD,3.7970001697540283,-0.021999835968017578,-0.58
