Index,Level,Change,% Change
DOW,39056.390625,172.12890625,0.44
S&P 500,5187.669921875,-0.0302734375,-0.0
NASDAQ,16302.755859375,-29.8037109375,-0.18
VIX,13.010000228881836,-0.2199993133544922,-1.66
BITCOIN,61890.88671875,-443.9296875,-0.71
US 10-YR YIELD,4.491999626159668,0.028999805450439453,0.65
