Index,Level,Change,% Change
DOW,41503.1015625,-103.078125,-0.25
S&P 500,5618.259765625,-16.3203125,-0.29
NASDAQ,17573.30078125,-54.759765625,-0.31
VIX,18.170000076293945,0.5599994659423828,3.18
BITCOIN,59880.05078125,-428.48828125,-0.71
US 10-YR YIELD,3.684999942779541,0.042999982833862305,1.18
