Index,Level,Change,% Change
DOW,32653.2,-79.75,-0.24
S&P 500,3856.1,-15.88000000000011,-0.41
NASDAQ,10890.846,-97.29950000000099,-0.89
VIX,25.81,-0.07000000000000028,-0.27
BITCOIN,20456.172,-26.752000000000407,-0.13
US 10-YR YIELD,4.052,-0.025000000000000355,-0.61
