Index,Level,Change,% Change
DOW,33696.8515625,-431.19921875,-1.26
S&P 500,4090.409912109375,-57.190185546875,-1.38
NASDAQ,11855.833984375,-214.755859375,-1.78
VIX,20.209999084472656,1.9799995422363281,10.86
BITCOIN,24501.318359375,193.4765625,0.8
US 10-YR YIELD,3.8429999351501465,0.03399991989135742,0.89
