Index,Level,Change,% Change
DOW,40936.9296875,-626.1484375,-1.51
S&P 500,5528.93017578125,-119.4697265625,-2.12
NASDAQ,17136.298828125,-577.3203125,-3.26
VIX,20.780000686645508,5.780000686645508,38.53
BITCOIN,58156.546875,-955.93359375,-1.62
US 10-YR YIELD,3.8439998626708984,-0.06700015068054199,-1.71
