Index,Level,Change,% Change
DOW,32394.25,-37.830078125,-0.12
S&P 500,3971.27001953125,-6.260009765625,-0.16
NASDAQ,11716.080078125,-52.759765625,-0.45
VIX,19.940000534057617,-0.6599998474121094,-3.2
BITCOIN,27293.60546875,153.716796875,0.57
US 10-YR YIELD,3.563999891281128,0.03599977493286133,1.02
