Index,Level,Change,% Change
DOW,38712.2109375,-155.828125,-0.4
S&P 500,5421.02978515625,60.23974609375,1.12
NASDAQ,17608.435546875,415.90625,2.42
VIX,12.029999732971191,-0.7100000381469727,-5.57
BITCOIN,67839.9765625,-1672.3046875,-2.41
US 10-YR YIELD,4.295000076293945,-0.17399978637695312,-3.89
