Index,Level,Change,% Change
DOW,35339.73046875,-50.41796875,-0.14
S&P 500,4554.93994140625,-4.39990234375,-0.1
NASDAQ,14267.7392578125,16.8896484375,0.12
VIX,12.720000267028809,0.26000022888183594,2.09
BITCOIN,36945.8515625,-533.26953125,-1.42
US 10-YR YIELD,4.388999938964844,-0.08300018310546875,-1.86
