Index,Level,Change,% Change
DOW,34907.109375,331.578125,0.96
S&P 500,4505.10009765625,37.66015625,0.84
NASDAQ,13926.052734375,112.462890625,0.81
VIX,12.800000190734863,-0.6799993515014648,-5.04
BITCOIN,26611.31640625,382.9921875,1.46
US 10-YR YIELD,4.288000106811523,0.03900003433227539,0.92
