Index,Level,Change,% Change
DOW,33761.05,424.38000000000466,1.27
S&P 500,4280.15,72.8799999999992,1.73
NASDAQ,13047.186,267.27399999999943,2.09
VIX,19.5,-0.6999999999999993,-3.47
BITCOIN,24109.512,142.9499999999971,0.6
US 10-YR YIELD,2.849,-0.0389999999999997,-1.35
