Index,Level,Change,% Change
DOW,38886.171875,78.84375,0.2
S&P 500,5352.9599609375,-1.06982421875,-0.02
NASDAQ,17173.12109375,-14.779296875,-0.09
VIX,12.569999694824219,-0.06000041961669922,-0.48
BITCOIN,70603.7265625,-479.09375,-0.67
US 10-YR YIELD,4.281000137329102,-0.007999897003173828,-0.19
