Index,Level,Change,% Change
DOW,40743.328125,203.3984375,0.5
S&P 500,5436.43994140625,-27.10009765625,-0.5
NASDAQ,17147.416015625,-222.783203125,-1.28
VIX,17.700000762939453,1.1000003814697266,6.63
BITCOIN,66017.1796875,-802.734375,-1.2
US 10-YR YIELD,4.14300012588501,-0.034999847412109375,-0.84
