Index,Level,Change,% Change
DOW,38945.28125,-3.73828125,-0.01
S&P 500,5088.1298828125,18.3701171875,0.36
NASDAQ,16050.146484375,102.40625,0.64
VIX,13.380000114440918,-0.46000003814697266,-3.32
BITCOIN,62057.31640625,-447.47265625,-0.72
US 10-YR YIELD,4.251999855041504,-0.02200031280517578,-0.51
