Index,Level,Change,% Change
DOW,37497.94140625,-185.0703125,-0.49
S&P 500,4754.06005859375,-9.47998046875,-0.2
NASDAQ,14853.796875,10.02734375,0.07
VIX,12.890000343322754,-0.18999958038330078,-1.45
BITCOIN,46751.78515625,-218.71875,-0.47
US 10-YR YIELD,4.019000053405762,0.017000198364257812,0.42
