Index,Level,Change,% Change
DOW,33947.1,-482.77999999999884,-1.4
S&P 500,3998.84,-72.85999999999967,-1.79
NASDAQ,11239.9375,-221.5594999999994,-1.93
VIX,20.65,1.5899999999999999,8.34
BITCOIN,16964.379,-141.66200000000026,-0.83
US 10-YR YIELD,3.5990002,0.09300020000000009,2.65
