Index,Level,Change,% Change
DOW,34418.46875,10.8671875,0.03
S&P 500,4455.58984375,5.2099609375,0.12
NASDAQ,13816.76953125,28.849609375,0.21
VIX,13.699999809265137,0.13000011444091797,0.96
BITCOIN,30760.74609375,-395.693359375,-1.27
US 10-YR YIELD,3.8580002784729004,0.03900027275085449,1.02
