Index,Level,Change,% Change
DOW,44841.3515625,104.78125,0.23
S&P 500,6015.56982421875,28.19970703125,0.47
NASDAQ,19146.005859375,91.166015625,0.48
VIX,14.260000228881836,-0.3400001525878906,-2.33
BITCOIN,91268.4140625,-1833.8828125,-1.97
US 10-YR YIELD,4.302000045776367,0.037000179290771484,0.87
