Index,Level,Change,% Change
DOW,37216.96875,126.73046875,0.34
S&P 500,4718.35009765625,11.26025390625,0.24
NASDAQ,14756.255859375,22.2958984375,0.15
VIX,12.359999656677246,0.1700000762939453,1.39
BITCOIN,42955.484375,64.7421875,0.15
US 10-YR YIELD,3.929999828338623,-0.10300016403198242,-2.55
