Index,Level,Change,% Change
DOW,33745.69,199.37000000000262,0.59
S&P 500,3965.34,18.7800000000002,0.48
NASDAQ,11146.0625,1.1044999999994616,0.01
VIX,23.12,-0.8099999999999987,-3.38
BITCOIN,16651.197,-43.51199999999881,-0.26
US 10-YR YIELD,3.818,0.04300000000000015,1.14
