Index,Level,Change,% Change
DOW,37689.5390625,-20.5625,-0.05
S&P 500,4769.830078125,-13.52001953125,-0.28
NASDAQ,15011.349609375,-83.7900390625,-0.56
VIX,12.449999809265137,-0.020000457763671875,-0.16
BITCOIN,43629.36328125,1364.17578125,3.23
US 10-YR YIELD,3.865999937057495,0.016000032424926758,0.42
