Index,Level,Change,% Change
DOW,34152.01,239.5699999999997,0.71
S&P 500,4305.2,8.05999999999949,0.19
NASDAQ,13102.549,-25.503999999998996,-0.19
VIX,19.7,-0.25,-1.25
BITCOIN,23943.402,-153.32700000000114,-0.64
US 10-YR YIELD,2.824,0.03299999999999992,1.18
