Index,Level,Change,% Change
DOW,34070.421875,-370.45703125,-1.08
S&P 500,4330.0,-72.2001953125,-1.64
NASDAQ,13223.9853515625,-245.14453125,-1.82
VIX,17.309999465942383,2.169999122619629,14.33
BITCOIN,26585.04296875,-626.07421875,-2.3
US 10-YR YIELD,4.480000019073486,0.13100004196166992,3.01
