Index,Level,Change,% Change
DOW,33160.83,333.83000000000175,1.02
S&P 500,3828.11,21.309999999999945,0.56
NASDAQ,10616.2,51.68000000000029,0.49
VIX,25.64,1.2899999999999991,5.3
BITCOIN,18314.354,-2306.0960000000014,-11.18
US 10-YR YIELD,4.126,-0.08799969999999924,-2.09
