Index,Level,Change,% Change
DOW,40008.390625,242.75,0.61
S&P 500,5455.2099609375,20.77978515625,0.38
NASDAQ,17192.6015625,4.9921875,0.03
VIX,16.170000076293945,-1.9500007629394531,-10.76
BITCOIN,59077.25,-1532.31640625,-2.53
US 10-YR YIELD,3.820000171661377,-0.031999826431274414,-0.83
