Index,Level,Change,% Change
DOW,35413.94921875,80.48046875,0.23
S&P 500,4549.47998046875,-0.9501953125,-0.02
NASDAQ,14241.072265625,0.052734375,0.0
VIX,12.630000114440918,-0.05999946594238281,-0.47
BITCOIN,38135.16796875,881.0,2.36
US 10-YR YIELD,4.335999965667725,-0.05299997329711914,-1.21
