Index,Level,Change,% Change
DOW,41914.75,-293.46875,-0.7
S&P 500,5722.259765625,-10.67041015625,-0.19
NASDAQ,18082.205078125,7.685546875,0.04
VIX,15.430000305175781,0.039999961853027344,0.26
BITCOIN,63303.48828125,-998.48046875,-1.55
US 10-YR YIELD,3.7810001373291016,0.04500007629394531,1.2
