Index,Level,Change,% Change
DOW,29634.83,-403.8899999999994,-1.34
S&P 500,3583.07,-86.83999999999969,-2.37
NASDAQ,10321.389,-327.76300000000083,-3.08
VIX,32.02,0.08000000000000185,0.25
BITCOIN,19197.926,-189.5560000000005,-0.98
US 10-YR YIELD,4.0099998,0.05799970000000032,1.47
