Index,Level,Change,% Change
DOW,38239.98046875,253.58203125,0.67
S&P 500,5010.60009765625,43.3701171875,0.87
NASDAQ,15451.3056640625,169.2958984375,1.11
VIX,16.920000076293945,-1.789999008178711,-9.57
BITCOIN,66623.6640625,1697.01953125,2.61
US 10-YR YIELD,4.623000144958496,0.008000373840332031,0.17
