Index,Level,Change,% Change
DOW,34645.98828125,-17.73046875,-0.05
S&P 500,4461.89990234375,-25.56005859375,-0.57
NASDAQ,13773.6142578125,-144.275390625,-1.04
VIX,14.210000038146973,0.4099998474121094,2.97
BITCOIN,26075.619140625,912.96484375,3.63
US 10-YR YIELD,4.263999938964844,-0.024000167846679688,-0.56
