Index,Level,Change,% Change
DOW,32246.55078125,371.98046875,1.17
S&P 500,3960.280029296875,68.35009765625,1.76
NASDAQ,11717.2763671875,283.2265625,2.48
VIX,23.059999465942383,-3.0799999237060547,-11.78
BITCOIN,24939.955078125,563.994140625,2.31
US 10-YR YIELD,3.5849997997283936,0.09299969673156738,2.66
