Index,Level,Change,% Change
DOW,38582.75,-2.44140625,-0.01
S&P 500,5093.990234375,15.34033203125,0.3
NASDAQ,15997.3857421875,57.7958984375,0.36
VIX,14.569999694824219,0.1099996566772461,0.76
BITCOIN,67353.0625,3551.86328125,5.57
US 10-YR YIELD,4.104000091552734,-0.03299999237060547,-0.8
