Index,Level,Change,% Change
DOW,38747.5,323.23046875,0.84
S&P 500,5026.47998046875,25.85986328125,0.52
NASDAQ,15882.125,22.974609375,0.14
VIX,14.329999923706055,-0.05000019073486328,-0.35
BITCOIN,51735.4921875,-91.203125,-0.18
US 10-YR YIELD,4.240000247955322,-0.026999950408935547,-0.63
