Index,Level,Change,% Change
DOW,33951.51953125,-102.3515625,-0.3
S&P 500,4365.68994140625,-23.02001953125,-0.52
NASDAQ,13502.1982421875,-165.091796875,-1.21
VIX,13.199999809265137,-0.6800003051757812,-4.9
BITCOIN,30073.423828125,1745.935546875,6.16
US 10-YR YIELD,3.7230000495910645,-0.006000041961669922,-0.16
