Index,Level,Change,% Change
DOW,41916.12109375,-719.078125,-1.69
S&P 500,5823.08984375,-95.16015625,-1.61
NASDAQ,19150.390625,-328.490234375,-1.69
VIX,19.040000915527344,1.3400001525878906,7.57
BITCOIN,94847.9921875,2363.953125,2.56
US 10-YR YIELD,4.776000022888184,0.08300018310546875,1.77
