Index,Level,Change,% Change
DOW,40755.75,-219.21875,-0.54
S&P 500,5503.41015625,-16.65966796875,-0.3
NASDAQ,17127.66015625,43.359375,0.25
VIX,19.8700008392334,-1.4499988555908203,-6.8
BITCOIN,56098.98046875,-1872.55859375,-3.23
US 10-YR YIELD,3.7310001850128174,-0.03699970245361328,-0.98
