Index,Level,Change,% Change
DOW,38056.01953125,-741.359375,-1.91
S&P 500,4922.22998046875,-99.60986328125,-1.98
NASDAQ,15556.3544921875,-386.1953125,-2.42
VIX,17.049999237060547,3.1199989318847656,22.4
BITCOIN,49150.1953125,-808.02734375,-1.62
US 10-YR YIELD,4.315999984741211,0.14400005340576172,3.45
