Index,Level,Change,% Change
DOW,32899.7,-348.58000000000175,-1.05
S&P 500,4108.54,-68.27999999999975,-1.63
NASDAQ,12012.734,-304.16399999999885,-2.47
VIX,24.93,0.21000000000000085,0.85
BITCOIN,29611.348,-817.5349999999999,-2.69
US 10-YR YIELD,2.957,0.044000099999999875,1.51
