Index,Level,Change,% Change
DOW,39160.140625,91.03125,0.23
S&P 500,5091.43017578125,4.400390625,0.09
NASDAQ,15997.8232421875,-43.796875,-0.27
VIX,13.699999809265137,-0.8400001525878906,-5.78
BITCOIN,51043.64453125,-261.328125,-0.51
US 10-YR YIELD,4.259999752044678,-0.0670003890991211,-1.55
