Index,Level,Change,% Change
DOW,33684.7890625,98.26953125,0.29
S&P 500,4108.93994140625,-0.169921875,-0.0
NASDAQ,12031.876953125,-52.4833984375,-0.43
VIX,19.1200008392334,0.15000152587890625,0.79
BITCOIN,30086.388671875,433.408203125,1.46
US 10-YR YIELD,3.434000015258789,0.01900005340576172,0.56
