Index,Level,Change,% Change
DOW,31656.42,145.98999999999796,0.46
S&P 500,3966.85,11.849999999999909,0.3
NASDAQ,11785.126,-31.076999999999316,-0.26
VIX,25.55,-0.3200000000000003,-1.24
BITCOIN,20023.75,-44.809000000001106,-0.22
US 10-YR YIELD,3.265,0.13200000000000012,4.21
