Index,Level,Change,% Change
DOW,33786.62109375,-110.390625,-0.33
S&P 500,4129.7900390625,-24.72998046875,-0.6
NASDAQ,12059.5576171875,-97.6728515625,-0.8
VIX,17.15999984741211,0.7000007629394531,4.25
BITCOIN,28131.89453125,-690.78515625,-2.4
US 10-YR YIELD,3.5450000762939453,-0.056999921798706055,-1.58
