Index,Level,Change,% Change
DOW,31029.31,82.31999999999971,0.27
S&P 500,3818.83,-2.7200000000002547,-0.07
NASDAQ,11177.894,-3.6460000000006403,-0.03
VIX,28.16,-0.1999999999999993,-0.71
BITCOIN,20271.115,-20.15599999999904,-0.1
US 10-YR YIELD,3.093,-0.11299999999999999,-3.52
