Index,Level,Change,% Change
DOW,35767.26171875,336.83984375,0.95
S&P 500,4544.68017578125,-5.89990234375,-0.13
NASDAQ,14149.310546875,-109.1796875,-0.77
VIX,13.020000457763672,0.04000091552734375,0.31
BITCOIN,37743.39453125,-115.09765625,-0.3
US 10-YR YIELD,4.3520002365112305,0.08100032806396484,1.9
