Index,Level,Change,% Change
DOW,33973.01171875,268.91015625,0.8
S&P 500,3969.610107421875,50.360107421875,1.28
NASDAQ,10931.6708984375,189.041015625,1.76
VIX,21.1299991607666,0.5499992370605469,2.67
BITCOIN,17540.802734375,94.509765625,0.54
US 10-YR YIELD,3.55400013923645,-0.06699991226196289,-1.85
