Index,Level,Change,% Change
DOW,41622.078125,228.296875,0.55
S&P 500,5633.08984375,7.06982421875,0.13
NASDAQ,17592.126953125,-91.853515625,-0.52
VIX,17.1200008392334,0.5600013732910156,3.38
BITCOIN,58008.828125,-1174.0078125,-1.98
US 10-YR YIELD,3.620999813079834,-0.029000282287597656,-0.79
