Index,Level,Change,% Change
DOW,43826.69140625,-87.4296875,-0.2
S&P 500,6050.0400390625,-1.2099609375,-0.02
NASDAQ,19921.42578125,18.5859375,0.09
VIX,13.710000038146973,-0.21000003814697266,-1.51
BITCOIN,101694.28125,1651.28125,1.65
US 10-YR YIELD,4.39900016784668,0.07500028610229492,1.73
