Index,Level,Change,% Change
DOW,37735.109375,-248.12890625,-0.65
S&P 500,5061.81982421875,-61.59033203125,-1.2
NASDAQ,15885.0185546875,-290.0712890625,-1.79
VIX,19.229999542236328,1.9200000762939453,11.09
BITCOIN,63301.41015625,-2437.31640625,-3.71
US 10-YR YIELD,4.627999782562256,0.1289997100830078,2.87
