Index,Level,Change,% Change
DOW,37284.66015625,-308.3203125,-0.82
S&P 500,4758.0498046875,-25.7802734375,-0.54
NASDAQ,14915.591796875,-57.16796875,-0.38
VIX,13.960000038146973,1.260000228881836,9.92
BITCOIN,43242.31640625,730.34765625,1.72
US 10-YR YIELD,4.065999984741211,0.11599993705749512,2.94
