Index,Level,Change,% Change
DOW,41763.4609375,-378.078125,-0.9
S&P 500,5705.4501953125,-108.2197265625,-1.86
NASDAQ,18095.150390625,-512.779296875,-2.76
VIX,23.15999984741211,2.809999465942383,13.81
BITCOIN,70111.8984375,-2227.640625,-3.08
US 10-YR YIELD,4.283999919891357,0.018000125885009766,0.42
