Index,Level,Change,% Change
DOW,34288.640625,-129.828125,-0.38
S&P 500,4446.81982421875,-8.77001953125,-0.2
NASDAQ,13791.654296875,-25.115234375,-0.18
VIX,14.180000305175781,0.6100006103515625,4.5
BITCOIN,30462.01953125,-315.5625,-1.03
US 10-YR YIELD,3.945000171661377,0.08700013160705566,2.26
