Index,Level,Change,% Change
DOW,34212.12109375,145.79296875,0.43
S&P 500,4369.009765625,30.07958984375,0.69
NASDAQ,13573.3203125,111.400390625,0.83
VIX,14.609999656677246,-0.40000057220458984,-2.66
BITCOIN,25852.44921875,-50.05078125,-0.19
US 10-YR YIELD,3.8389999866485596,0.07399988174438477,1.97
