Index,Level,Change,% Change
DOW,33714.7109375,-12.71875,-0.04
S&P 500,4328.81982421875,-19.51025390625,-0.45
NASDAQ,13335.7783203125,-156.7412109375,-1.16
VIX,14.239999771118164,0.8000001907348633,5.95
BITCOIN,30261.837890625,-286.857421875,-0.94
US 10-YR YIELD,3.7189998626708984,-0.020000219345092773,-0.53
