Index,Level,Change,% Change
DOW,33431.44140625,40.47265625,0.12
S&P 500,4048.419921875,2.780029296875,0.07
NASDAQ,11675.7373046875,-13.2724609375,-0.11
VIX,18.6200008392334,0.13000106811523438,0.7
BITCOIN,22376.13671875,-59.376953125,-0.26
US 10-YR YIELD,3.9830002784729004,0.01900029182434082,0.48
