Index,Level,Change,% Change
DOW,38468.94921875,135.5,0.35
S&P 500,4927.7099609375,-0.22021484375,-0.0
NASDAQ,15521.3642578125,-106.67578125,-0.68
VIX,13.359999656677246,-0.24000072479248047,-1.76
BITCOIN,43583.9296875,295.68359375,0.68
US 10-YR YIELD,4.059000015258789,-0.032000064849853516,-0.78
