Index,Level,Change,% Change
DOW,38834.859375,56.7578125,0.15
S&P 500,5487.02978515625,13.7998046875,0.25
NASDAQ,17862.23046875,5.2109375,0.03
VIX,12.479999542236328,0.17999935150146484,1.46
BITCOIN,64708.62890625,-432.1171875,-0.66
US 10-YR YIELD,4.2170000076293945,-0.06199979782104492,-1.45
