Index,Level,Change,% Change
DOW,33808.9609375,22.33984375,0.07
S&P 500,4133.52001953125,3.72998046875,0.09
NASDAQ,12072.4560546875,12.896484375,0.11
VIX,16.729999542236328,-0.4400005340576172,-2.56
BITCOIN,27344.158203125,-901.830078125,-3.19
US 10-YR YIELD,3.570000171661377,0.02500009536743164,0.71
