Index,Level,Change,% Change
DOW,44839.55859375,-10.79296875,-0.02
S&P 500,6055.22021484375,-12.47998046875,-0.21
NASDAQ,19678.533203125,-55.056640625,-0.28
VIX,16.600000381469727,0.1900005340576172,1.16
BITCOIN,104326.53125,2994.0546875,2.95
US 10-YR YIELD,4.554999828338623,0.0039997100830078125,0.09
