Index,Level,Change,% Change
DOW,32560.599609375,316.01953125,0.98
S&P 500,4002.8701171875,51.300048828125,1.3
NASDAQ,11860.109375,184.5693359375,1.58
VIX,21.399999618530273,-2.75,-11.39
BITCOIN,28120.3359375,353.099609375,1.27
US 10-YR YIELD,3.6060001850128174,0.1250002384185791,3.59
