Index,Level,Change,% Change
DOW,32784.30078125,-251.62890625,-0.76
S&P 500,4137.22998046875,-49.5400390625,-1.18
NASDAQ,12595.60546875,-225.6142578125,-1.76
VIX,20.75,0.5599994659423828,2.77
BITCOIN,34124.29296875,-378.52734375,-1.1
US 10-YR YIELD,4.845000267028809,-0.10799980163574219,-2.18
