Index,Level,Change,% Change
DOW,38770.96875,99.27734375,0.26
S&P 500,5024.64013671875,-1.9697265625,-0.04
NASDAQ,15964.79296875,-25.8671875,-0.16
VIX,13.8100004196167,0.880000114440918,6.81
BITCOIN,49888.4375,1594.51953125,3.3
US 10-YR YIELD,4.171999931335449,-0.014999866485595703,-0.36
