Index,Level,Change,% Change
DOW,36197.1796875,246.2890625,0.69
S&P 500,4590.22998046875,22.43017578125,0.49
NASDAQ,14288.5556640625,62.3359375,0.44
VIX,12.59000015258789,-0.3299999237060547,-2.55
BITCOIN,38774.7109375,1061.96484375,2.82
US 10-YR YIELD,4.22599983215332,-0.12600040435791016,-2.9
