Index,Level,Change,% Change
DOW,34089.26953125,-156.66015625,-0.46
S&P 500,4136.1298828125,-1.16015625,-0.03
NASDAQ,11960.1455078125,68.35546875,0.57
VIX,18.93000030517578,-1.4099998474121094,-6.93
BITCOIN,22188.240234375,380.138671875,1.74
US 10-YR YIELD,3.761000156402588,0.04400014877319336,1.18
