Index,Level,Change,% Change
DOW,33666.33984375,116.0703125,0.35
S&P 500,4299.7001953125,25.1904296875,0.59
NASDAQ,13201.2763671875,108.4267578125,0.83
VIX,17.3799991607666,-0.8400001525878906,-4.61
BITCOIN,27160.712890625,807.99609375,3.07
US 10-YR YIELD,4.5970001220703125,-0.028999805450439453,-0.63
