Index,Level,Change,% Change
DOW,37537.390625,-173.62890625,-0.46
S&P 500,4774.93994140625,-5.30029296875,-0.11
NASDAQ,14943.111328125,-27.0791015625,-0.18
VIX,12.5,0.06000041961669922,0.48
BITCOIN,43763.0546875,-2605.53125,-5.62
US 10-YR YIELD,3.950000047683716,-0.026999950408935547,-0.68
