Index,Level,Change,% Change
DOW,39807.37109375,47.29296875,0.12
S&P 500,5254.35009765625,5.85986328125,0.11
NASDAQ,16379.4599609375,-20.0595703125,-0.12
VIX,13.010000228881836,0.23000049591064453,1.8
BITCOIN,69652.3984375,-1092.5546875,-1.54
US 10-YR YIELD,4.205999851226807,0.009999752044677734,0.24
