Index,Level,Change,% Change
DOW,31836.74,337.1200000000026,1.07
S&P 500,3859.11,61.76999999999998,1.63
NASDAQ,11199.115,246.503999999999,2.25
VIX,28.46,-1.3900000000000006,-4.66
BITCOIN,20051.393,714.8029999999999,3.7
US 10-YR YIELD,4.1080003,-0.12599970000000038,-2.98
