Index,Level,Change,% Change
DOW,30523.8,337.97999999999956,1.12
S&P 500,3719.98,42.0300000000002,1.14
NASDAQ,10772.402,96.60100000000057,0.9
VIX,30.5,-0.870000000000001,-2.77
BITCOIN,19296.727,-266.14300000000003,-1.36
US 10-YR YIELD,3.998,-0.017000299999999413,-0.42
