Index,Level,Change,% Change
DOW,33826.16015625,524.2890625,1.57
S&P 500,4135.35009765625,79.360107421875,1.96
NASDAQ,12142.23828125,287.888671875,2.43
VIX,16.920000076293945,-1.9200000762939453,-10.19
BITCOIN,29517.36328125,1094.662109375,3.85
US 10-YR YIELD,3.5279998779296875,0.09599995613098145,2.8
