Index,Level,Change,% Change
DOW,35314.48828125,-158.640625,-0.45
S&P 500,4499.3798828125,-19.06005859375,-0.42
NASDAQ,13884.32421875,-110.076171875,-0.79
VIX,16.040000915527344,0.2700004577636719,1.71
BITCOIN,29940.580078125,760.001953125,2.6
US 10-YR YIELD,4.026000022888184,-0.05200004577636719,-1.28
