Index,Level,Change,% Change
DOW,29888.78,-38.31999999999971,-0.13
S&P 500,3674.84,8.070000000000164,0.22
NASDAQ,10798.35,152.25,1.43
VIX,31.03,-1.9200000000000017,-5.83
BITCOIN,20204.031,-383.7400000000016,-1.86
US 10-YR YIELD,3.2389998,0.0,0.0
