Index,Level,Change,% Change
DOW,30364.83,-151.90999999999985,-0.5
S&P 500,3735.48,-14.150000000000091,-0.38
NASDAQ,10828.346,19.11999999999898,0.18
VIX,32.57,-1.4500000000000028,-4.26
BITCOIN,22057.352,-404.15799999999945,-1.8
US 10-YR YIELD,3.4830003,0.11700029999999995,3.48
