Index,Level,Change,% Change
DOW,33586.51953125,101.23046875,0.3
S&P 500,4109.10986328125,4.08984375,0.1
NASDAQ,12084.35546875,-3.6044921875,-0.03
VIX,18.940000534057617,0.5400009155273438,2.93
BITCOIN,29161.6640625,828.61328125,2.92
US 10-YR YIELD,3.4150002002716064,0.127000093460083,3.86
