Index,Level,Change,% Change
DOW,34053.94140625,-39.01953125,-0.11
S&P 500,4179.759765625,60.5498046875,1.47
NASDAQ,12200.818359375,384.498046875,3.25
VIX,18.6200008392334,0.75,4.2
BITCOIN,23790.787109375,67.017578125,0.28
US 10-YR YIELD,3.3959999084472656,-0.0010001659393310547,-0.03
