Index,Level,Change,% Change
DOW,41175.078125,0.0,0.0
S&P 500,5616.83984375,-17.77001953125,-0.32
NASDAQ,17725.765625,-152.0234375,-0.85
VIX,16.100000381469727,0.24000072479248047,1.51
BITCOIN,63346.59765625,-986.9453125,-1.53
US 10-YR YIELD,3.818000078201294,0.01100015640258789,0.29
