Index,Level,Change,% Change
DOW,33561.80859375,-56.8828125,-0.17
S&P 500,4119.169921875,-18.9501953125,-0.46
NASDAQ,12179.552734375,-77.3671875,-0.63
VIX,17.639999389648438,0.6599998474121094,3.89
BITCOIN,27638.984375,-55.2890625,-0.2
US 10-YR YIELD,3.5209999084472656,0.0,0.0
