Index,Level,Change,% Change
DOW,30946.99,-491.2699999999968,-1.56
S&P 500,3821.55,-78.55999999999995,-2.01
NASDAQ,11181.54,-343.0119999999988,-2.98
VIX,28.37,1.4200000000000017,5.27
BITCOIN,20253.943,-492.59200000000055,-2.37
US 10-YR YIELD,3.206,0.01200000000000001,0.38
