Index,Level,Change,% Change
DOW,37682.03125,-28.0703125,-0.07
S&P 500,4773.18017578125,-10.169921875,-0.21
NASDAQ,15030.7080078125,-64.431640625,-0.43
VIX,12.380000114440918,-0.09000015258789062,-0.72
BITCOIN,42074.3203125,-553.53515625,-1.3
US 10-YR YIELD,3.865999937057495,0.016000032424926758,0.42
