Index,Level,Change,% Change
DOW,30516.74,-876.0499999999993,-2.79
S&P 500,3749.63,-151.23000000000002,-3.88
NASDAQ,10809.226,-530.7979999999989,-4.68
VIX,34.02,6.270000000000003,22.59
BITCOIN,23583.076,-3062.4789999999994,-11.49
US 10-YR YIELD,3.366,0.20999999999999996,6.65
