Index,Level,Change,% Change
DOW,38763.44921875,-234.2109375,-0.6
S&P 500,5199.5,-40.52978515625,-0.77
NASDAQ,16195.8056640625,-171.0439453125,-1.05
VIX,27.809999465942383,0.10000038146972656,0.36
BITCOIN,55079.05859375,-955.2578125,-1.7
US 10-YR YIELD,3.9679999351501465,0.07999992370605469,2.06
