Index,Level,Change,% Change
DOW,43364.37109375,-353.109375,-0.81
S&P 500,6038.7900390625,-35.2900390625,-0.58
NASDAQ,20070.458984375,-103.431640625,-0.51
VIX,15.640000343322754,0.9500007629394531,6.47
BITCOIN,106337.0390625,307.3203125,0.29
US 10-YR YIELD,4.384999752044678,-0.012000083923339844,-0.27
