Index,Level,Change,% Change
DOW,35282.71875,-237.40234375,-0.67
S&P 500,4537.41015625,-29.33984375,-0.64
NASDAQ,14050.107421875,-77.1728515625,-0.55
VIX,14.430000305175781,1.2400007247924805,9.4
BITCOIN,29167.744140625,-59.646484375,-0.2
US 10-YR YIELD,4.01200008392334,0.16100001335144043,4.18
