Index,Level,Change,% Change
DOW,38683.23046875,161.87109375,0.42
S&P 500,4995.9501953125,41.72021484375,0.84
NASDAQ,15761.775390625,152.775390625,0.98
VIX,12.880000114440918,-0.18000030517578125,-1.38
BITCOIN,44098.73828125,1014.06640625,2.35
US 10-YR YIELD,4.109999656677246,0.01999950408935547,0.49
