Index,Level,Change,% Change
DOW,38868.0390625,69.05078125,0.18
S&P 500,5360.7900390625,13.7998046875,0.26
NASDAQ,17192.529296875,59.3984375,0.35
VIX,12.739999771118164,0.5199995040893555,4.26
BITCOIN,69490.9921875,-157.0,-0.23
US 10-YR YIELD,4.468999862670898,0.03900003433227539,0.88
