Index,Level,Change,% Change
DOW,39721.359375,429.390625,1.09
S&P 500,5633.91015625,56.93017578125,1.02
NASDAQ,18647.447265625,218.158203125,1.18
VIX,12.859999656677246,0.34999942779541016,2.8
BITCOIN,57415.4296875,-593.796875,-1.02
US 10-YR YIELD,4.279999732971191,-0.020000457763671875,-0.47
