Index,Level,Change,% Change
DOW,33592.92,56.220000000001164,0.17
S&P 500,3991.73,34.48000000000002,0.87
NASDAQ,11358.41,162.1890000000003,1.45
VIX,24.26,0.5300000000000011,2.23
BITCOIN,16808.336,198.96099999999933,1.2
US 10-YR YIELD,3.7990003,-0.0659999,-1.71
