Index,Level,Change,% Change
DOW,33922.26171875,-366.37890625,-1.07
S&P 500,4411.58984375,-35.22998046875,-0.79
NASDAQ,13679.04296875,-112.607421875,-0.82
VIX,15.420000076293945,1.239999771118164,8.74
BITCOIN,30302.583984375,-211.58203125,-0.69
US 10-YR YIELD,4.040999889373779,0.09599995613098145,2.43
