Index,Level,Change,% Change
DOW,41096.76953125,235.05859375,0.58
S&P 500,5595.759765625,41.6298828125,0.75
NASDAQ,17569.67578125,174.146484375,1.0
VIX,17.110000610351562,-0.5799999237060547,-3.28
BITCOIN,58228.10546875,884.93359375,1.54
US 10-YR YIELD,3.679999828338623,0.026999711990356445,0.74
