Index,Level,Change,% Change
DOW,38711.2890625,140.2578125,0.36
S&P 500,5291.33984375,7.93994140625,0.15
NASDAQ,16857.046875,28.376953125,0.17
VIX,13.149999618530273,0.039999961853027344,0.31
BITCOIN,70232.296875,1427.515625,2.07
US 10-YR YIELD,4.335999965667725,-0.06599998474121094,-1.5
