Index,Level,Change,% Change
DOW,33055.51171875,-231.06640625,-0.69
S&P 500,4145.580078125,-47.0498046875,-1.12
NASDAQ,12560.2451171875,-160.53515625,-1.26
VIX,18.559999465942383,1.3500003814697266,7.84
BITCOIN,27187.056640625,335.779296875,1.25
US 10-YR YIELD,3.697999954223633,-0.021000146865844727,-0.56
