Index,Level,Change,% Change
DOW,34837.7109375,115.80078125,0.33
S&P 500,4515.77001953125,8.10986328125,0.18
NASDAQ,14031.8095703125,-3.16015625,-0.02
VIX,13.819999694824219,0.7299995422363281,5.58
BITCOIN,25893.146484375,-76.419921875,-0.29
US 10-YR YIELD,4.172999858856201,0.07999992370605469,1.95
