Index,Level,Change,% Change
DOW,37815.921875,-570.16796875,-1.49
S&P 500,5035.68994140625,-80.47998046875,-1.57
NASDAQ,15657.822265625,-325.2578125,-2.04
VIX,15.59000015258789,0.9200000762939453,6.27
BITCOIN,59613.4140625,-4227.70703125,-6.62
US 10-YR YIELD,4.685999870300293,0.07200002670288086,1.56
