Index,Level,Change,% Change
DOW,32732.95,-128.85000000000218,-0.39
S&P 500,3871.98,-29.079999999999927,-0.75
NASDAQ,10988.1455,-114.30649999999878,-1.03
VIX,25.88,0.129999999999999,0.5
BITCOIN,20395.857,-237.41999999999825,-1.15
US 10-YR YIELD,4.077,0.06700019999999984,1.67
