Index,Level,Change,% Change
DOW,34890.23828125,37.56640625,0.11
S&P 500,4514.8701171875,17.240234375,0.38
NASDAQ,14019.310546875,75.55078125,0.54
VIX,13.890000343322754,-0.5599994659423828,-3.88
BITCOIN,27256.208984375,-471.18359375,-1.7
US 10-YR YIELD,4.118000030517578,-0.004000186920166016,-0.1
