Index,Level,Change,% Change
DOW,37986.3984375,211.01953125,0.56
S&P 500,4967.22998046875,-43.89013671875,-0.88
NASDAQ,15282.009765625,-319.490234375,-2.05
VIX,18.770000457763672,0.7700004577636719,4.28
BITCOIN,64127.81640625,615.0625,0.97
US 10-YR YIELD,4.615000247955322,-0.03199958801269531,-0.69
