Index,Level,Change,% Change
DOW,40000.8984375,247.1484375,0.62
S&P 500,5615.35009765625,30.81005859375,0.55
NASDAQ,18398.4453125,115.03515625,0.63
VIX,12.489999771118164,-0.43000030517578125,-3.33
BITCOIN,57283.58984375,-61.32421875,-0.11
US 10-YR YIELD,4.189000129699707,-0.0039997100830078125,-0.1
