Index,Level,Change,% Change
DOW,37983.23828125,-475.83984375,-1.24
S&P 500,5123.41015625,-75.64990234375,-1.46
NASDAQ,16175.09375,-267.10546875,-1.62
VIX,17.329999923706055,2.4200000762939453,16.23
BITCOIN,67302.453125,-2758.15625,-3.94
US 10-YR YIELD,4.499000072479248,-0.07700014114379883,-1.68
