Index,Level,Change,% Change
DOW,33599.87,-347.2299999999959,-1.02
S&P 500,3941.61,-57.23000000000002,-1.43
NASDAQ,11017.39,-222.54750000000058,-1.98
VIX,22.13,1.379999999999999,6.65
BITCOIN,16990.445,4.125,0.02
US 10-YR YIELD,3.513,-0.08600019999999997,-2.39
