Index,Level,Change,% Change
DOW,42512.0,431.62890625,1.03
S&P 500,5792.0400390625,40.91015625,0.71
NASDAQ,18291.6171875,108.697265625,0.6
VIX,20.850000381469727,-0.5699996948242188,-2.66
BITCOIN,60854.7265625,-1277.2421875,-2.06
US 10-YR YIELD,4.066999912261963,0.03399991989135742,0.84
