Index,Level,Change,% Change
DOW,43275.91015625,36.859375,0.09
S&P 500,5864.669921875,23.19970703125,0.4
NASDAQ,18489.552734375,115.943359375,0.63
VIX,18.0,-1.1100006103515625,-5.81
BITCOIN,68552.015625,1152.1796875,1.71
US 10-YR YIELD,4.072999954223633,-0.023000240325927734,-0.56
