Index,Level,Change,% Change
DOW,41250.5,9.98046875,0.02
S&P 500,5625.7998046875,8.9599609375,0.16
NASDAQ,17754.8203125,29.05078125,0.16
VIX,15.420000076293945,-0.7299995422363281,-4.52
BITCOIN,61946.8203125,-933.83984375,-1.49
US 10-YR YIELD,3.8330001831054688,0.015000104904174805,0.39
