Index,Level,Change,% Change
DOW,37215.87890625,-32.47265625,-0.09
S&P 500,4712.93994140625,-6.60986328125,-0.14
NASDAQ,14804.9658203125,43.40625,0.29
VIX,12.279999732971191,-0.19999980926513672,-1.6
BITCOIN,42171.91796875,-852.0546875,-1.98
US 10-YR YIELD,3.927999973297119,-0.002000093460083008,-0.05
