Index,Level,Change,% Change
DOW,33781.48,183.56000000000495,0.55
S&P 500,3963.51,29.590000000000146,0.75
NASDAQ,11082.003,123.44900000000052,1.13
VIX,22.28,-0.3999999999999986,-1.76
BITCOIN,17186.338,334.3319999999985,1.98
US 10-YR YIELD,3.491,0.08299980000000007,2.44
