Index,Level,Change,% Change
DOW,32237.529296875,132.279296875,0.41
S&P 500,3970.989990234375,22.27001953125,0.56
NASDAQ,11823.9599609375,36.5595703125,0.31
VIX,21.719999313354492,-0.8900012969970703,-3.94
BITCOIN,27846.451171875,-487.521484375,-1.72
US 10-YR YIELD,3.379999876022339,-0.026000022888183594,-0.76
