Index,Level,Change,% Change
DOW,34061.3203125,222.2421875,0.66
S&P 500,4358.33984375,40.56005859375,0.94
NASDAQ,13478.283203125,184.0927734375,1.38
VIX,14.960000038146973,-0.6999998092651367,-4.47
BITCOIN,34622.1328125,-316.109375,-0.9
US 10-YR YIELD,4.558000087738037,-0.11100006103515625,-2.38
