Index,Level,Change,% Change
DOW,33739.30078125,134.65234375,0.4
S&P 500,4358.240234375,22.580078125,0.52
NASDAQ,13562.84375,78.603515625,0.58
VIX,17.040000915527344,-0.6599998474121094,-3.73
BITCOIN,27386.21484375,-197.462890625,-0.72
US 10-YR YIELD,4.654999732971191,-0.1420001983642578,-2.96
