Index,Level,Change,% Change
DOW,42196.51953125,39.55078125,0.09
S&P 500,5709.5400390625,0.7900390625,0.01
NASDAQ,17925.123046875,14.763671875,0.08
VIX,18.899999618530273,-0.3600006103515625,-1.87
BITCOIN,60373.12890625,-463.87890625,-0.76
US 10-YR YIELD,3.7849998474121094,0.04199981689453125,1.12
