Index,Level,Change,% Change
DOW,34624.30078125,6.0625,0.02
S&P 500,4453.52978515625,3.2099609375,0.07
NASDAQ,13710.2373046875,1.9072265625,0.01
VIX,14.029999732971191,0.23999977111816406,1.74
BITCOIN,26798.5,264.3125,1.0
US 10-YR YIELD,4.318999767303467,-0.0030002593994140625,-0.07
