Index,Level,Change,% Change
DOW,35390.1484375,117.1171875,0.33
S&P 500,4559.33984375,2.7197265625,0.06
NASDAQ,14250.8544921875,-15.005859375,-0.11
VIX,12.460000038146973,-0.3900003433227539,-3.04
BITCOIN,37793.171875,503.55078125,1.35
US 10-YR YIELD,4.4720001220703125,0.0560002326965332,1.27
