Index,Level,Change,% Change
DOW,34108.64,103.59999999999854,0.3
S&P 500,4019.65,29.090000000000146,0.73
NASDAQ,11256.813,113.07500000000073,1.01
VIX,22.66,-2.34,-9.36
BITCOIN,17769.707,549.5099999999984,3.19
US 10-YR YIELD,3.501,-0.11000000000000032,-3.05
