Index,Level,Change,% Change
DOW,30483.13,-47.11999999999898,-0.15
S&P 500,3759.89,-4.900000000000091,-0.13
NASDAQ,11053.08,-16.222999999999956,-0.15
VIX,28.95,-1.240000000000002,-4.11
BITCOIN,20161.174,-524.242000000002,-2.53
US 10-YR YIELD,3.156,-0.1509999999999998,-4.57
