Index,Level,Change,% Change
DOW,34765.73828125,-180.65234375,-0.52
S&P 500,4404.330078125,-33.52978515625,-0.76
NASDAQ,13474.6279296875,-156.421875,-1.15
VIX,16.770000457763672,0.3100013732910156,1.88
BITCOIN,29096.783203125,-73.564453125,-0.25
US 10-YR YIELD,4.258000373840332,0.037000179290771484,0.88
