Index,Level,Change,% Change
DOW,33127.28125,-286.890625,-0.86
S&P 500,4224.16015625,-53.83984375,-1.26
NASDAQ,12983.8076171875,-202.3720703125,-1.53
VIX,21.530000686645508,0.13000106811523438,0.61
BITCOIN,29586.291015625,866.484375,3.02
US 10-YR YIELD,4.924000263214111,-0.06399965286254883,-1.28
