Index,Level,Change,% Change
DOW,39048.01171875,-39.3671875,-0.1
S&P 500,5146.5498046875,9.4697265625,0.18
NASDAQ,16282.1796875,7.2392578125,0.04
VIX,13.329999923706055,0.2200002670288086,1.68
BITCOIN,67242.71875,4075.34765625,6.45
US 10-YR YIELD,4.218999862670898,0.03900003433227539,0.93
