Index,Level,Change,% Change
DOW,33348.6015625,47.98046875,0.14
S&P 500,4136.27978515625,12.19970703125,0.3
NASDAQ,12365.208984375,80.46875,0.66
VIX,17.1200008392334,0.09000015258789062,0.53
BITCOIN,27382.798828125,452.16015625,1.68
US 10-YR YIELD,3.508000135421753,0.04500007629394531,1.3
