Index,Level,Change,% Change
DOW,43487.828125,334.69921875,0.78
S&P 500,5996.66015625,59.3203125,1.0
NASDAQ,19630.19921875,291.91015625,1.51
VIX,15.8100004196167,-0.15999984741210938,-1.0
BITCOIN,103885.859375,2796.25,2.77
US 10-YR YIELD,4.609000205993652,0.0030002593994140625,0.07
