Index,Level,Change,% Change
DOW,38459.078125,-2.43359375,-0.01
S&P 500,5199.06005859375,38.419921875,0.74
NASDAQ,16442.197265625,271.8369140625,1.68
VIX,14.970000267028809,-0.8299999237060547,-5.25
BITCOIN,70609.09375,21.2109375,0.03
US 10-YR YIELD,4.575999736785889,0.015999794006347656,0.35
