Index,Level,Change,% Change
DOW,31909.640625,-345.21875,-1.07
S&P 500,3861.590087890625,-56.72998046875,-1.45
NASDAQ,11138.8876953125,-199.4619140625,-1.76
VIX,24.799999237060547,2.1899986267089844,9.69
BITCOIN,19926.1171875,-436.904296875,-2.15
US 10-YR YIELD,3.695000171661377,-0.22999978065490723,-5.86
