Index,Level,Change,% Change
DOW,43239.05078125,161.3515625,0.37
S&P 500,5841.47021484375,-1.0,-0.02
NASDAQ,18373.609375,6.529296875,0.04
VIX,19.079999923706055,-0.5,-2.55
BITCOIN,67032.9921875,-579.7265625,-0.86
US 10-YR YIELD,4.095999717712402,0.07999992370605469,1.99
