Index,Level,Change,% Change
DOW,40974.96875,38.0390625,0.09
S&P 500,5520.06982421875,-8.8603515625,-0.16
NASDAQ,17084.296875,-52.00390625,-0.3
VIX,21.31999969482422,0.6000003814697266,2.9
BITCOIN,57933.84765625,502.82421875,0.88
US 10-YR YIELD,3.7680001258850098,-0.07599997520446777,-1.98
