Index,Level,Change,% Change
DOW,34051.69921875,-46.4609375,-0.14
S&P 500,4167.8701171875,-1.60986328125,-0.04
NASDAQ,12212.59765625,-13.982421875,-0.11
VIX,16.09000015258789,0.3100004196166992,1.96
BITCOIN,27822.0625,-1446.744140625,-4.94
US 10-YR YIELD,3.574000120162964,0.12200021743774414,3.53
