Index,Level,Change,% Change
DOW,35227.69140625,2.51171875,0.01
S&P 500,4536.33984375,1.4697265625,0.03
NASDAQ,14032.8056640625,-30.50390625,-0.22
VIX,13.619999885559082,-0.36999988555908203,-2.64
BITCOIN,29848.2734375,-65.650390625,-0.22
US 10-YR YIELD,3.8369998931884766,-0.017000198364257812,-0.44
