Index,Level,Change,% Change
DOW,31253.13,-236.9399999999987,-0.75
S&P 500,3900.79,-22.889999999999873,-0.58
NASDAQ,11388.495,-29.65899999999965,-0.26
VIX,29.36,-1.6000000000000014,-5.17
BITCOIN,30026.928,1245.8240000000005,4.33
US 10-YR YIELD,2.855,-0.03100019999999981,-1.07
