Index,Level,Change,% Change
DOW,34092.9609375,6.921875,0.02
S&P 500,4119.2099609375,42.60986328125,1.05
NASDAQ,11816.3193359375,231.76953125,2.0
VIX,17.940000534057617,-1.4599990844726562,-7.53
BITCOIN,23745.255859375,605.97265625,2.62
US 10-YR YIELD,3.3970000743865967,-0.13199996948242188,-3.74
