Index,Level,Change,% Change
DOW,44220.140625,349.7890625,0.8
S&P 500,5960.31005859375,11.60009765625,0.2
NASDAQ,18977.955078125,5.53515625,0.03
VIX,15.880000114440918,-0.9900007247924805,-5.87
BITCOIN,99346.3828125,841.65625,0.85
US 10-YR YIELD,4.409999847412109,-0.02200031280517578,-0.5
