Index,Level,Change,% Change
DOW,38225.66015625,322.37109375,0.85
S&P 500,5064.2001953125,45.81005859375,0.91
NASDAQ,15840.9580078125,235.4775390625,1.51
VIX,14.670000076293945,-0.7200002670288086,-4.68
BITCOIN,59249.62890625,995.6171875,1.71
US 10-YR YIELD,4.571000099182129,-0.023999691009521484,-0.52
