Index,Level,Change,% Change
DOW,33003.5703125,341.73046875,1.05
S&P 500,3981.35009765625,29.960205078125,0.76
NASDAQ,11462.9814453125,83.5009765625,0.73
VIX,19.559999465942383,-1.0200004577636719,-4.96
BITCOIN,23460.125,-186.42578125,-0.79
US 10-YR YIELD,4.072999954223633,0.07899999618530273,1.98
