Index,Level,Change,% Change
DOW,39331.8515625,162.33203125,0.41
S&P 500,5509.009765625,33.919921875,0.62
NASDAQ,18028.763671875,149.462890625,0.84
VIX,12.029999732971191,-0.1900005340576172,-1.55
BITCOIN,61954.03125,-897.94921875,-1.43
US 10-YR YIELD,4.435999870300293,-0.043000221252441406,-0.96
