Index,Level,Change,% Change
DOW,36155.87890625,-48.5625,-0.13
S&P 500,4570.18994140625,0.41015625,0.01
NASDAQ,14232.5771484375,47.0869140625,0.33
VIX,12.970000267028809,-0.1099996566772461,-0.84
BITCOIN,43507.62890625,1527.53125,3.64
US 10-YR YIELD,4.171000003814697,-0.11700010299682617,-2.73
