Index,Level,Change,% Change
DOW,30668.53,303.6999999999971,1.0
S&P 500,3789.99,54.50999999999976,1.46
NASDAQ,11099.154,270.8080000000009,2.5
VIX,29.57,-3.1199999999999974,-9.54
BITCOIN,21600.725,-445.38600000000224,-2.02
US 10-YR YIELD,3.395,-0.08800030000000003,-2.53
