Index,Level,Change,% Change
DOW,33979.328125,-232.79296875,-0.68
S&P 500,4372.58984375,3.580078125,0.08
NASDAQ,13626.4765625,53.15625,0.39
VIX,13.880000114440918,-0.7299995422363281,-5.0
BITCOIN,25526.708984375,-392.01953125,-1.51
US 10-YR YIELD,3.7960000038146973,-0.042999982833862305,-1.12
