Index,Level,Change,% Change
DOW,34500.66015625,25.83203125,0.07
S&P 500,4369.7099609375,-0.64990234375,-0.01
NASDAQ,13290.7763671875,-26.1533203125,-0.2
VIX,17.329999923706055,-0.5599994659423828,-3.13
BITCOIN,26164.736328125,-499.814453125,-1.87
US 10-YR YIELD,4.250999927520752,-0.057000160217285156,-1.32
