Index,Level,Change,% Change
DOW,31990.04,90.75,0.28
S&P 500,3966.84,5.210000000000036,0.13
NASDAQ,11782.666,-51.44500000000153,-0.43
VIX,23.37,0.33999999999999986,1.48
BITCOIN,22099.062,-489.79899999999907,-2.17
US 10-YR YIELD,2.8200002,0.03700020000000004,1.33
