Index,Level,Change,% Change
DOW,34288.828125,-174.86328125,-0.51
S&P 500,4387.5498046875,-12.22021484375,-0.28
NASDAQ,13505.873046875,8.283203125,0.06
VIX,16.979999542236328,-0.14999961853027344,-0.88
BITCOIN,25827.03515625,-297.10546875,-1.14
US 10-YR YIELD,4.328000068664551,-0.01399993896484375,-0.32
