Index,Level,Change,% Change
DOW,37649.62890625,124.46875,0.33
S&P 500,4776.740234375,20.240234375,0.43
NASDAQ,14947.8359375,90.1259765625,0.61
VIX,12.789999961853027,0.029999732971191406,0.24
BITCOIN,45541.09765625,-598.6328125,-1.3
US 10-YR YIELD,4.029999732971191,0.010999679565429688,0.27
