Index,Level,Change,% Change
DOW,29590.41,-486.27000000000044,-1.62
S&P 500,3693.23,-64.75999999999976,-1.72
NASDAQ,10867.926,-198.88000000000102,-1.8
VIX,29.92,2.5700000000000003,9.4
BITCOIN,18928.973,-503.9569999999985,-2.59
US 10-YR YIELD,3.697,-0.011000199999999793,-0.3
