Index,Level,Change,% Change
DOW,42388.1015625,90.98046875,0.22
S&P 500,5824.5,-11.72021484375,-0.2
NASDAQ,18969.88671875,-118.212890625,-0.62
VIX,19.420000076293945,0.22999954223632812,1.2
BITCOIN,96853.6015625,2337.078125,2.47
US 10-YR YIELD,4.788000106811523,-0.014999866485595703,-0.31
