Index,Level,Change,% Change
DOW,38460.921875,-42.76953125,-0.11
S&P 500,5071.6298828125,1.080078125,0.02
NASDAQ,15712.7490234375,16.109375,0.1
VIX,15.920000076293945,0.23000049591064453,1.47
BITCOIN,63679.2265625,-2728.046875,-4.11
US 10-YR YIELD,4.6519999504089355,0.053999900817871094,1.17
