Index,Level,Change,% Change
DOW,37753.30859375,-45.66015625,-0.12
S&P 500,5022.2099609375,-29.2001953125,-0.58
NASDAQ,15683.3720703125,-181.8779296875,-1.15
VIX,18.170000076293945,-0.22999954223632812,-1.25
BITCOIN,61245.12109375,-2566.7421875,-4.02
US 10-YR YIELD,4.585000038146973,-0.07399988174438477,-1.59
