Index,Level,Change,% Change
DOW,30316.32,825.4300000000003,2.8
S&P 500,3790.93,112.5,3.06
NASDAQ,11176.405,360.97000000000116,3.34
VIX,29.07,-1.0300000000000011,-3.42
BITCOIN,20285.984,666.0499999999993,3.39
US 10-YR YIELD,3.6169999,-0.03399989999999997,-0.93
