Index,Level,Change,% Change
DOW,38686.3203125,574.83984375,1.51
S&P 500,5277.509765625,42.02978515625,0.8
NASDAQ,16735.015625,-2.064453125,-0.01
VIX,12.920000076293945,-1.5500001907348633,-10.71
BITCOIN,67627.8671875,-737.125,-1.08
US 10-YR YIELD,4.513999938964844,-0.039999961853027344,-0.88
