Index,Level,Change,% Change
DOW,33869.26953125,169.390625,0.5
S&P 500,4090.4599609375,8.9599609375,0.22
NASDAQ,11718.1201171875,-71.4599609375,-0.61
VIX,20.510000228881836,-0.1999988555908203,-0.97
BITCOIN,21662.72265625,-156.31640625,-0.72
US 10-YR YIELD,3.74399995803833,0.06099987030029297,1.66
