Index,Level,Change,% Change
DOW,34299.12109375,-108.9375,-0.32
S&P 500,4409.58984375,-16.25,-0.37
NASDAQ,13689.5703125,-93.25,-0.68
VIX,14.1899995803833,0.6499996185302734,4.8
BITCOIN,26775.818359375,439.60546875,1.67
US 10-YR YIELD,3.7690000534057617,0.0410001277923584,1.1
