Index,Level,Change,% Change
DOW,39475.8984375,-305.47265625,-0.77
S&P 500,5234.18017578125,-7.349609375,-0.14
NASDAQ,16428.818359375,26.978515625,0.16
VIX,13.069999694824219,0.14999961853027344,1.16
BITCOIN,63663.484375,-1827.90625,-2.79
US 10-YR YIELD,4.2179999351501465,-0.05299997329711914,-1.24
