Index,Level,Change,% Change
DOW,31072.61,-215.64999999999782,-0.69
S&P 500,3830.85,-32.309999999999945,-0.84
NASDAQ,11360.048,-92.37299999999959,-0.81
VIX,25.3,1.0700000000000003,4.42
BITCOIN,21641.926,831.4470000000001,4.0
US 10-YR YIELD,2.96,0.03000019999999992,1.02
