Index,Level,Change,% Change
DOW,33274.1484375,415.1171875,1.26
S&P 500,4109.31005859375,58.47998046875,1.44
NASDAQ,12221.90625,208.4365234375,1.74
VIX,18.690000534057617,-0.3299999237060547,-1.74
BITCOIN,28390.189453125,356.626953125,1.27
US 10-YR YIELD,3.49399995803833,-0.057000160217285156,-1.61
