Index,Level,Change,% Change
DOW,34194.06,95.95999999999913,0.28
S&P 500,4027.26,23.68000000000029,0.59
NASDAQ,11285.317,110.91099999999824,0.99
VIX,20.42,-0.8699999999999974,-4.09
BITCOIN,16551.006,-47.081999999998516,-0.28
US 10-YR YIELD,3.706,0.0,0.0
