Index,Level,Change,% Change
DOW,30772.79,-208.54000000000087,-0.67
S&P 500,3801.78,-17.019999999999982,-0.45
NASDAQ,11247.582,-17.14599999999882,-0.15
VIX,26.77,-0.5199999999999996,-1.91
BITCOIN,19655.15,348.2440000000024,1.8
US 10-YR YIELD,2.904,-0.05400000000000027,-1.83
