Index,Level,Change,% Change
DOW,38596.98046875,-530.16015625,-1.35
S&P 500,5147.2099609375,-64.2802734375,-1.23
NASDAQ,16049.08203125,-228.3779296875,-1.4
VIX,16.399999618530273,2.0699996948242188,14.45
BITCOIN,67490.1171875,1509.3046875,2.29
US 10-YR YIELD,4.309000015258789,-0.046000003814697266,-1.06
