Index,Level,Change,% Change
DOW,33129.55078125,127.171875,0.39
S&P 500,4263.75,34.2998046875,0.81
NASDAQ,13236.009765625,176.5400390625,1.35
VIX,18.549999237060547,-1.230001449584961,-6.22
BITCOIN,27704.76953125,274.791015625,1.0
US 10-YR YIELD,4.734999656677246,-0.0670003890991211,-1.4
