Index,Level,Change,% Change
DOW,32403.22,401.97000000000116,1.26
S&P 500,3770.55,50.66000000000031,1.36
NASDAQ,10475.255,132.3149999999987,1.28
VIX,24.55,-0.75,-2.96
BITCOIN,21061.45,850.5550000000003,4.21
US 10-YR YIELD,4.156,0.03200000000000003,0.78
