Index,Level,Change,% Change
DOW,33044.55859375,-252.40234375,-0.76
S&P 500,3898.85009765625,-30.010009765625,-0.76
NASDAQ,10852.26953125,-104.740234375,-0.96
VIX,20.3700008392334,0.030000686645507812,0.15
BITCOIN,21041.2578125,352.4765625,1.7
US 10-YR YIELD,3.3970000743865967,0.02200007438659668,0.65
