Index,Level,Change,% Change
DOW,33859.08984375,154.98828125,0.46
S&P 500,3951.64990234375,32.39990234375,0.83
NASDAQ,10875.35546875,132.7255859375,1.24
VIX,20.979999542236328,0.39999961853027344,1.94
BITCOIN,17507.87890625,61.5859375,0.35
US 10-YR YIELD,3.556000232696533,-0.06499981880187988,-1.8
