Index,Level,Change,% Change
DOW,32812.5,416.33000000000175,1.29
S&P 500,4155.17,63.98000000000002,1.56
NASDAQ,12668.159,319.40099999999984,2.59
VIX,21.96,-1.9699999999999989,-8.23
BITCOIN,23332.766,337.7069999999985,1.47
US 10-YR YIELD,2.748,0.007000000000000117,0.26
