Index,Level,Change,% Change
DOW,34347.4296875,86.0078125,0.25
S&P 500,4472.16015625,32.900390625,0.74
NASDAQ,13918.962890625,158.2626953125,1.15
VIX,13.539999961853027,-1.3000001907348633,-8.76
BITCOIN,30301.828125,-319.123046875,-1.04
US 10-YR YIELD,3.8610000610351562,-0.11899995803833008,-2.99
