Index,Level,Change,% Change
DOW,33562.859375,-199.90234375,-0.59
S&P 500,4273.7900390625,-8.580078125,-0.2
NASDAQ,13229.4287109375,-11.3408203125,-0.09
VIX,14.770000457763672,0.1700000762939453,1.16
BITCOIN,25639.474609375,-1479.591796875,-5.46
US 10-YR YIELD,3.693000078201294,0.002000093460083008,0.05
