Index,Level,Change,% Change
DOW,35438.0703125,26.83203125,0.08
S&P 500,4567.4599609375,12.81982421875,0.28
NASDAQ,14144.5556640625,85.685546875,0.61
VIX,13.90999984741211,0.0,0.0
BITCOIN,29207.701171875,-876.837890625,-2.91
US 10-YR YIELD,3.9119999408721924,0.05499982833862305,1.43
