Index,Level,Change,% Change
DOW,33987.1796875,100.7109375,0.3
S&P 500,4151.31982421875,13.6796875,0.33
NASDAQ,12157.7236328125,34.25390625,0.28
VIX,16.940000534057617,-0.12999916076660156,-0.76
BITCOIN,29477.453125,-837.90234375,-2.76
US 10-YR YIELD,3.5910000801086426,0.0690000057220459,1.96
