Index,Level,Change,% Change
DOW,33202.22,-764.1299999999974,-2.25
S&P 500,3895.75,-99.57000000000016,-2.49
NASDAQ,10810.526,-360.3610000000008,-3.23
VIX,22.74,1.5999999999999979,7.57
BITCOIN,17414.303,-403.1349999999984,-2.26
US 10-YR YIELD,3.45,-0.05299979999999982,-1.51
