Index,Level,Change,% Change
DOW,38883.671875,-9.12890625,-0.02
S&P 500,5209.91015625,7.52001953125,0.14
NASDAQ,16306.638671875,52.6787109375,0.32
VIX,14.9399995803833,-0.25,-1.65
BITCOIN,69104.453125,-2526.90625,-3.53
US 10-YR YIELD,4.366000175476074,-0.01199960708618164,-0.27
