Index,Level,Change,% Change
DOW,40896.53125,0.0,0.0
S&P 500,5597.1201171875,-11.1298828125,-0.2
NASDAQ,17816.9375,-59.83203125,-0.33
VIX,15.890000343322754,1.2400007247924805,8.46
BITCOIN,59573.38671875,79.93359375,0.13
US 10-YR YIELD,3.818000078201294,-0.04900002479553223,-1.27
