Index,Level,Change,% Change
DOW,40659.76171875,96.703125,0.24
S&P 500,5554.25,11.02978515625,0.2
NASDAQ,17631.720703125,37.220703125,0.21
VIX,14.8100004196167,-0.4199991226196289,-2.76
BITCOIN,59426.91796875,1866.8203125,3.24
US 10-YR YIELD,3.8919997215270996,-0.034000396728515625,-0.87
