Index,Level,Change,% Change
DOW,40415.44140625,127.91015625,0.32
S&P 500,5564.41015625,59.41015625,1.08
NASDAQ,18007.568359375,280.62890625,1.58
VIX,14.880000114440918,-1.640000343322754,-9.93
BITCOIN,68034.1328125,-120.390625,-0.18
US 10-YR YIELD,4.259999752044678,0.020999908447265625,0.5
