Index,Level,Change,% Change
DOW,32120.28,191.65999999999985,0.6
S&P 500,3978.73,37.25,0.95
NASDAQ,11434.74,170.29199999999946,1.51
VIX,28.35,-1.0999999999999979,-3.74
BITCOIN,29600.496,-61.27900000000227,-0.21
US 10-YR YIELD,2.749,-0.010999999999999677,-0.4
