Index,Level,Change,% Change
DOW,42080.37109375,126.1328125,0.3
S&P 500,5751.1298828125,55.18994140625,0.97
NASDAQ,18182.916015625,259.015625,1.45
VIX,21.3799991607666,-1.260000228881836,-5.57
BITCOIN,62220.9765625,-15.68359375,-0.03
US 10-YR YIELD,4.0329999923706055,0.006999969482421875,0.17
