Index,Level,Change,% Change
DOW,33700.28,-45.41000000000349,-0.13
S&P 500,3949.94,-15.400000000000091,-0.39
NASDAQ,11024.511,-121.55149999999958,-1.09
VIX,22.37,-0.75,-3.24
BITCOIN,15827.927,-439.33200000000033,-2.7
US 10-YR YIELD,3.825,0.007000000000000117,0.18
