Index,Level,Change,% Change
DOW,32283.4,-1008.3799999999974,-3.03
S&P 500,4057.66,-141.46000000000004,-3.37
NASDAQ,12141.71,-497.5560000000005,-3.94
VIX,25.61,3.8299999999999983,17.58
BITCOIN,20726.201,-824.8989999999976,-3.83
US 10-YR YIELD,3.035,0.009000000000000341,0.3
