Index,Level,Change,% Change
DOW,30981.33,-192.5099999999984,-0.62
S&P 500,3818.8,-35.629999999999654,-0.92
NASDAQ,11264.728,-107.871000000001,-0.95
VIX,27.28,1.1099999999999994,4.24
BITCOIN,19483.44,-471.45800000000236,-2.36
US 10-YR YIELD,2.958,-0.03299999999999992,-1.1
