Index,Level,Change,% Change
DOW,33274.578125,221.70703125,0.67
S&P 500,4237.85986328125,44.06005859375,1.05
NASDAQ,13061.46875,210.228515625,1.64
VIX,16.850000381469727,-1.289999008178711,-7.11
BITCOIN,34739.30859375,71.52734375,0.21
US 10-YR YIELD,4.789000034332275,-0.08599996566772461,-1.76
