Index,Level,Change,% Change
DOW,39357.01171875,-140.52734375,-0.36
S&P 500,5344.39013671875,0.22998046875,0.0
NASDAQ,16780.609375,35.30859375,0.21
VIX,20.6200008392334,0.25,1.23
BITCOIN,59273.2578125,553.7734375,0.94
US 10-YR YIELD,3.9089999198913574,-0.03299999237060547,-0.84
