Index,Level,Change,% Change
DOW,38362.46875,-201.33203125,-0.52
S&P 500,4948.72021484375,-26.78955078125,-0.54
NASDAQ,15464.4248046875,-166.35546875,-1.06
VIX,15.779999732971191,0.3599996566772461,2.33
BITCOIN,51119.0,-1165.875,-2.23
US 10-YR YIELD,4.324999809265137,0.04999971389770508,1.17
