Index,Level,Change,% Change
DOW,32717.599609375,323.349609375,1.0
S&P 500,4027.81005859375,56.5400390625,1.42
NASDAQ,11926.236328125,210.15625,1.79
VIX,19.09000015258789,-0.8799991607666016,-4.41
BITCOIN,28426.08203125,1157.951171875,4.25
US 10-YR YIELD,3.565999984741211,0.002000093460083008,0.06
