Index,Level,Change,% Change
DOW,33699.87890625,-249.1328125,-0.73
S&P 500,4081.5,-36.35986328125,-0.88
NASDAQ,11789.5791015625,-120.9404296875,-1.02
VIX,20.639999389648438,1.010000228881836,5.15
BITCOIN,21956.109375,-983.2890625,-4.29
US 10-YR YIELD,3.683000087738037,0.029999971389770508,0.82
