Index,Level,Change,% Change
DOW,33296.9609375,-613.890625,-1.81
S&P 500,3928.860107421875,-62.10986328125,-1.56
NASDAQ,10957.0126953125,-138.09765625,-1.24
VIX,20.360000610351562,1.0,5.17
BITCOIN,20819.845703125,-341.673828125,-1.61
US 10-YR YIELD,3.375,-0.16000008583068848,-4.53
