Index,Level,Change,% Change
DOW,39446.48828125,683.0390625,1.76
S&P 500,5319.31005859375,119.81005859375,2.3
NASDAQ,16660.021484375,464.2119140625,2.87
VIX,23.719999313354492,-4.130001068115234,-14.83
BITCOIN,59613.67578125,4586.21484375,8.33
US 10-YR YIELD,3.997000217437744,0.029000282287597656,0.73
