Index,Level,Change,% Change
DOW,32910.9,-269.23999999999796,-0.81
S&P 500,4115.77,-44.909999999999854,-1.08
NASDAQ,12086.2705,-88.96049999999923,-0.73
VIX,24.03,0.010000000000001563,0.04
BITCOIN,30184.041,-952.5720000000001,-3.06
US 10-YR YIELD,3.029,0.05699999999999994,1.92
