Index,Level,Change,% Change
DOW,42514.94921875,-409.94140625,-0.96
S&P 500,5797.419921875,-53.7802734375,-0.92
NASDAQ,18276.654296875,-303.115234375,-1.63
VIX,19.239999771118164,1.039999008178711,5.71
BITCOIN,66354.390625,-1007.015625,-1.49
US 10-YR YIELD,4.241999626159668,0.037999629974365234,0.9
