Index,Level,Change,% Change
DOW,31097.26,321.85999999999694,1.05
S&P 500,3825.33,39.94999999999982,1.06
NASDAQ,11127.845,99.14499999999862,0.9
VIX,27.53,-1.1799999999999997,-4.11
BITCOIN,19772.78,479.9359999999979,2.49
US 10-YR YIELD,2.889,0.0,0.0
