Index,Level,Change,% Change
DOW,34347.03,152.97000000000116,0.45
S&P 500,4026.12,-1.1400000000003274,-0.03
NASDAQ,11226.355,-58.961999999999534,-0.52
VIX,20.5,0.0799999999999983,0.39
BITCOIN,16528.342,-64.75400000000081,-0.39
US 10-YR YIELD,3.691,-0.015000000000000124,-0.4
