Index,Level,Change,% Change
DOW,40358.08984375,-57.3515625,-0.14
S&P 500,5555.740234375,-8.669921875,-0.16
NASDAQ,17997.3515625,-10.21875,-0.06
VIX,14.680000305175781,-0.22999954223632812,-1.54
BITCOIN,65631.1484375,-1954.1015625,-2.89
US 10-YR YIELD,4.238999843597412,-0.021000385284423828,-0.49
