Index,Level,Change,% Change
DOW,32726.82,-85.68000000000029,-0.26
S&P 500,4151.94,-3.230000000000473,-0.08
NASDAQ,12720.58,52.42100000000028,0.41
VIX,21.46,-0.48999999999999844,-2.23
BITCOIN,22521.443,-317.2540000000008,-1.39
US 10-YR YIELD,2.676,-0.07200000000000006,-2.62
