Index,Level,Change,% Change
DOW,31839.11,2.3699999999989814,0.01
S&P 500,3830.6,-28.51000000000022,-0.74
NASDAQ,10970.992,-228.1229999999996,-2.04
VIX,27.28,-1.1799999999999997,-4.15
BITCOIN,20727.588,619.7049999999981,3.08
US 10-YR YIELD,4.0150003,-0.09299999999999997,-2.26
