Index,Level,Change,% Change
DOW,44789.5703125,-224.46875,-0.5
S&P 500,6077.009765625,-9.48046875,-0.16
NASDAQ,19704.228515625,-30.890625,-0.16
VIX,13.470000267028809,0.020000457763671875,0.15
BITCOIN,98299.9921875,-468.5390625,-0.47
US 10-YR YIELD,4.179999828338623,0.0,0.0
