Index,Level,Change,% Change
DOW,34576.58984375,75.859375,0.22
S&P 500,4457.490234375,6.35009765625,0.14
NASDAQ,13761.525390625,12.6953125,0.09
VIX,13.859999656677246,-0.5399999618530273,-3.75
BITCOIN,25857.541015625,-382.654296875,-1.46
US 10-YR YIELD,4.258000373840332,-0.0019998550415039062,-0.05
