Index,Level,Change,% Change
DOW,33336.67,27.159999999996217,0.08
S&P 500,4207.27,-2.969999999999345,-0.07
NASDAQ,12779.912,-74.89300000000003,-0.58
VIX,20.19,0.45000000000000284,2.28
BITCOIN,24097.186,112.43600000000151,0.47
US 10-YR YIELD,2.888,0.10199999999999987,3.66
