Index,Level,Change,% Change
DOW,32827.0,423.77999999999884,1.31
S&P 500,3806.8,36.25,0.96
NASDAQ,10564.52,89.26500000000124,0.85
VIX,24.38,-0.1700000000000017,-0.69
BITCOIN,20808.262,-124.32200000000012,-0.59
US 10-YR YIELD,4.2139997,0.057999699999999876,1.4
