Index,Level,Change,% Change
DOW,38911.6015625,-60.80859375,-0.16
S&P 500,5068.56982421875,-9.6103515625,-0.19
NASDAQ,15951.7021484375,-83.59765625,-0.52
VIX,13.729999542236328,0.2999992370605469,2.23
BITCOIN,60225.96875,3140.59765625,5.5
US 10-YR YIELD,4.27400016784668,-0.0409998893737793,-0.95
