Index,Level,Change,% Change
DOW,31384.55,346.869999999999,1.12
S&P 500,3902.62,57.539999999999964,1.5
NASDAQ,11621.346,259.4939999999988,2.28
VIX,25.98,-0.75,-2.81
BITCOIN,21581.068,1014.4140000000007,4.93
US 10-YR YIELD,3.008,0.09500010000000003,3.26
