Index,Level,Change,% Change
DOW,39112.16015625,-299.05078125,-0.76
S&P 500,5469.2998046875,21.4296875,0.39
NASDAQ,17717.654296875,220.833984375,1.26
VIX,12.859999656677246,-0.4700002670288086,-3.53
BITCOIN,62029.7421875,1752.328125,2.91
US 10-YR YIELD,4.23799991607666,-0.010000228881835938,-0.24
