Index,Level,Change,% Change
DOW,42233.05078125,-154.51953125,-0.36
S&P 500,5832.919921875,9.39990234375,0.16
NASDAQ,18712.748046875,145.55859375,0.78
VIX,19.40999984741211,-0.3899993896484375,-1.97
BITCOIN,71965.234375,2057.4765625,2.94
US 10-YR YIELD,4.27400016784668,-0.0039997100830078125,-0.09
