Index,Level,Change,% Change
DOW,31819.140625,-90.5,-0.28
S&P 500,3855.760009765625,-5.830078125,-0.15
NASDAQ,11188.8427734375,49.953125,0.45
VIX,26.56999969482422,1.7700004577636719,7.14
BITCOIN,24229.81640625,2065.8671875,9.32
US 10-YR YIELD,3.515000104904175,-0.17999982833862305,-4.87
