Index,Level,Change,% Change
DOW,33309.51171875,-221.81640625,-0.66
S&P 500,4130.6201171875,-7.02001953125,-0.17
NASDAQ,12328.5068359375,22.06640625,0.18
VIX,16.920000076293945,-0.020000457763671875,-0.12
BITCOIN,26874.296875,-747.458984375,-2.71
US 10-YR YIELD,3.3970000743865967,-0.04199981689453125,-1.22
