Index,Level,Change,% Change
DOW,34090.109375,-62.4921875,-0.18
S&P 500,4379.580078125,1.2001953125,0.03
NASDAQ,13632.412109375,-7.4482421875,-0.05
VIX,14.550000190734863,-0.26000022888183594,-1.76
BITCOIN,35717.4140625,273.8515625,0.77
US 10-YR YIELD,4.5229997634887695,-0.048000335693359375,-1.05
