Index,Level,Change,% Change
DOW,41818.921875,-233.26953125,-0.55
S&P 500,5719.93017578125,-8.86962890625,-0.15
NASDAQ,18219.720703125,-20.19921875,-0.11
VIX,21.809999465942383,-0.06999969482421875,-0.32
BITCOIN,67629.171875,-1111.9453125,-1.62
US 10-YR YIELD,4.309000015258789,-0.05200004577636719,-1.19
