Index,Level,Change,% Change
DOW,38441.5390625,-411.3203125,-1.06
S&P 500,5266.9501953125,-39.08984375,-0.74
NASDAQ,16920.580078125,-99.30078125,-0.58
VIX,14.270000457763672,1.3500003814697266,10.45
BITCOIN,67198.4609375,-1097.7578125,-1.61
US 10-YR YIELD,4.624000072479248,0.0820002555847168,1.81
