Index,Level,Change,% Change
DOW,35281.3984375,105.25,0.3
S&P 500,4464.0498046875,-4.7802734375,-0.11
NASDAQ,13644.849609375,-93.140625,-0.68
VIX,14.9399995803833,-0.9100008010864258,-5.74
BITCOIN,29379.64453125,-49.947265625,-0.17
US 10-YR YIELD,4.168000221252441,0.08800029754638672,2.16
