Index,Level,Change,% Change
DOW,44044.6015625,315.26171875,0.72
S&P 500,6000.0498046875,26.94970703125,0.45
NASDAQ,19282.0078125,12.546875,0.07
VIX,15.079999923706055,-0.11999988555908203,-0.79
BITCOIN,76541.8125,636.953125,0.84
US 10-YR YIELD,4.306000232696533,-0.034999847412109375,-0.81
