Index,Level,Change,% Change
DOW,31490.07,-1164.5200000000004,-3.57
S&P 500,3923.68,-165.17000000000007,-4.04
NASDAQ,11418.154,-566.3680000000004,-4.73
VIX,30.97,4.869999999999997,18.66
BITCOIN,29090.225,-1375.2160000000003,-4.51
US 10-YR YIELD,2.8860002,-0.08199980000000018,-2.76
