Index,Level,Change,% Change
DOW,32223.42,26.7599999999984,0.08
S&P 500,4008.01,-15.879999999999654,-0.39
NASDAQ,11662.791,-142.21100000000115,-1.2
VIX,27.47,-1.4000000000000021,-4.85
BITCOIN,29646.418,-1560.25,-5.0
US 10-YR YIELD,2.877,-0.058000000000000274,-1.98
