Index,Level,Change,% Change
DOW,44200.0390625,-47.7890625,-0.11
S&P 500,6088.47998046875,53.56982421875,0.89
NASDAQ,20052.35546875,365.115234375,1.85
VIX,13.65999984741211,-0.5200004577636719,-3.67
BITCOIN,101450.28125,4774.8515625,4.94
US 10-YR YIELD,4.270999908447266,0.04999971389770508,1.18
