Index,Level,Change,% Change
DOW,34575.53125,-70.45703125,-0.2
S&P 500,4467.43994140625,5.5400390625,0.12
NASDAQ,13813.5849609375,39.974609375,0.29
VIX,13.479999542236328,-0.75,-5.27
BITCOIN,26196.53515625,363.19140625,1.41
US 10-YR YIELD,4.249000072479248,-0.014999866485595703,-0.35
