Index,Level,Change,% Change
DOW,39566.8515625,-240.51953125,-0.6
S&P 500,5243.77001953125,-10.580078125,-0.2
NASDAQ,16396.83203125,17.3720703125,0.11
VIX,13.65999984741211,0.6499996185302734,5.0
BITCOIN,69408.15625,-1925.4921875,-2.7
US 10-YR YIELD,4.328999996185303,0.1230001449584961,2.92
