Index,Level,Change,% Change
DOW,42387.5703125,273.171875,0.65
S&P 500,5823.52001953125,15.39990234375,0.27
NASDAQ,18567.189453125,48.580078125,0.26
VIX,19.790000915527344,-0.5399990081787109,-2.66
BITCOIN,69525.2578125,1595.9609375,2.35
US 10-YR YIELD,4.2779998779296875,0.046000003814697266,1.09
