Index,Level,Change,% Change
DOW,44176.98828125,151.1796875,0.34
S&P 500,6093.2998046875,44.0595703125,0.73
NASDAQ,20015.068359375,258.2890625,1.31
VIX,15.039999961853027,-0.020000457763671875,-0.13
BITCOIN,104372.46875,-1773.796875,-1.67
US 10-YR YIELD,4.598999977111816,0.02500009536743164,0.55
