Index,Level,Change,% Change
DOW,39935.0703125,81.19921875,0.2
S&P 500,5399.22021484375,-27.90966796875,-0.51
NASDAQ,17181.724609375,-160.685546875,-0.93
VIX,18.510000228881836,0.4699993133544922,2.61
BITCOIN,64713.60546875,-658.52734375,-1.01
US 10-YR YIELD,4.25600004196167,-0.029999732971191406,-0.7
