Index,Level,Change,% Change
DOW,39872.98828125,66.21875,0.17
S&P 500,5321.41015625,13.2802734375,0.25
NASDAQ,16832.625,37.755859375,0.22
VIX,11.859999656677246,-0.28999996185302734,-2.39
BITCOIN,69654.0546875,-1794.140625,-2.51
US 10-YR YIELD,4.414000034332275,-0.02299976348876953,-0.52
