Index,Level,Change,% Change
DOW,42124.6484375,61.2890625,0.15
S&P 500,5718.56982421875,16.02001953125,0.28
NASDAQ,17974.26953125,25.94921875,0.14
VIX,15.890000343322754,-0.25999927520751953,-1.61
BITCOIN,63336.078125,-312.6328125,-0.49
US 10-YR YIELD,3.738999843597412,0.010999917984008789,0.3
