Index,Level,Change,% Change
DOW,32889.08984375,72.16796875,0.22
S&P 500,3982.239990234375,12.199951171875,0.31
NASDAQ,11466.9794921875,72.0390625,0.63
VIX,20.940000534057617,-0.7299995422363281,-3.37
BITCOIN,23364.703125,-196.509765625,-0.83
US 10-YR YIELD,3.9220001697540283,-0.026999711990356445,-0.68
