Index,Level,Change,% Change
DOW,43811.26953125,-16.7890625,-0.04
S&P 500,6081.830078125,30.740234375,0.51
NASDAQ,20188.3046875,261.583984375,1.31
VIX,14.3100004196167,0.5,3.62
BITCOIN,106273.7890625,1975.09375,1.89
US 10-YR YIELD,4.397000312805176,-0.0019998550415039062,-0.05
