Index,Level,Change,% Change
DOW,39170.23828125,-396.61328125,-1.0
S&P 500,5205.81005859375,-37.9599609375,-0.72
NASDAQ,16240.44921875,-156.380859375,-0.95
VIX,14.600000381469727,0.9500007629394531,6.96
BITCOIN,66056.8203125,-3645.328125,-5.23
US 10-YR YIELD,4.365000247955322,0.03600025177001953,0.83
