Index,Level,Change,% Change
DOW,33997.6484375,13.109375,0.04
S&P 500,4373.2001953125,-0.4296875,-0.01
NASDAQ,13533.7470703125,-34.2333984375,-0.25
VIX,17.8799991607666,0.6700000762939453,3.89
BITCOIN,28509.109375,-10.357421875,-0.04
US 10-YR YIELD,4.8470001220703125,0.13500022888183594,2.87
