Index,Level,Change,% Change
DOW,38852.26953125,176.58984375,0.46
S&P 500,5180.740234375,52.9501953125,1.03
NASDAQ,16349.2451171875,192.9150390625,1.19
VIX,13.470000267028809,-0.01999950408935547,-0.15
BITCOIN,63304.91796875,-726.21484375,-1.13
US 10-YR YIELD,4.488999843597412,-0.01100015640258789,-0.24
