Index,Level,Change,% Change
DOW,39671.0390625,-201.94921875,-0.51
S&P 500,5307.009765625,-14.400390625,-0.27
NASDAQ,16801.54296875,-31.076171875,-0.18
VIX,12.25,0.3900003433227539,3.29
BITCOIN,69704.8515625,-431.6796875,-0.62
US 10-YR YIELD,4.434000015258789,0.019999980926513672,0.45
