Index,Level,Change,% Change
DOW,29134.99,-125.81999999999971,-0.43
S&P 500,3647.29,-7.75,-0.21
NASDAQ,10829.504,26.582000000000335,0.25
VIX,32.6,0.3400000000000034,1.05
BITCOIN,19032.773,-182.8969999999972,-0.95
US 10-YR YIELD,3.964,0.08600019999999997,2.22
