Index,Level,Change,% Change
DOW,31880.24,618.3400000000001,1.98
S&P 500,3973.75,72.38999999999987,1.86
NASDAQ,11535.274,180.65699999999924,1.59
VIX,28.47,-0.9600000000000009,-3.26
BITCOIN,29209.98,-1044.7079999999987,-3.45
US 10-YR YIELD,2.859,0.07199979999999995,2.58
