Index,Level,Change,% Change
DOW,34346.8984375,247.4765625,0.73
S&P 500,4405.7099609375,29.39990234375,0.67
NASDAQ,13590.646484375,126.6767578125,0.94
VIX,15.710000038146973,-1.4900007247924805,-8.66
BITCOIN,25999.720703125,-162.65234375,-0.62
US 10-YR YIELD,4.238999843597412,0.0039997100830078125,0.09
