Index,Level,Change,% Change
DOW,42559.1015625,-14.62890625,-0.03
S&P 500,5891.89013671875,-15.0498046875,-0.25
NASDAQ,19383.03515625,-103.75390625,-0.53
VIX,17.510000228881836,0.1100006103515625,0.63
BITCOIN,93954.453125,1311.2421875,1.42
US 10-YR YIELD,4.572999954223633,0.0279998779296875,0.62
