Index,Level,Change,% Change
DOW,39054.19921875,441.9609375,1.14
S&P 500,5089.1298828125,107.330078125,2.15
NASDAQ,16053.3857421875,472.515625,3.03
VIX,14.520000457763672,-0.8199996948242188,-5.35
BITCOIN,51658.3828125,-180.796875,-0.35
US 10-YR YIELD,4.327000141143799,0.0020003318786621094,0.05
