Index,Level,Change,% Change
DOW,32861.8,828.5200000000041,2.59
S&P 500,3901.06,93.75999999999976,2.46
NASDAQ,11102.452,309.77700000000004,2.87
VIX,25.75,-1.6400000000000006,-5.99
BITCOIN,20666.844,374.9830000000002,1.85
US 10-YR YIELD,4.0099998,0.07299999999999995,1.85
