Index,Level,Change,% Change
DOW,31318.44,-337.97999999999956,-1.07
S&P 500,3924.26,-42.58999999999969,-1.07
NASDAQ,11630.864,-154.26200000000063,-1.31
VIX,25.46,-0.09999999999999787,-0.39
BITCOIN,19930.68,-177.49199999999837,-0.88
US 10-YR YIELD,3.193,-0.07200000000000006,-2.21
