Index,Level,Change,% Change
DOW,32799.921875,-255.58984375,-0.77
S&P 500,4115.240234375,-30.33984375,-0.73
NASDAQ,12484.162109375,-76.087890625,-0.61
VIX,20.09000015258789,1.5599994659423828,8.42
BITCOIN,26300.548828125,-925.177734375,-3.4
US 10-YR YIELD,3.7189998626708984,0.020999908447265625,0.57
