Index,Level,Change,% Change
DOW,33127.73828125,-286.5,-0.86
S&P 500,4061.219970703125,-29.530029296875,-0.72
NASDAQ,11966.3984375,-58.931640625,-0.49
VIX,20.1299991607666,1.789999008178711,9.76
BITCOIN,28850.826171875,-155.482421875,-0.54
US 10-YR YIELD,3.3509998321533203,-0.05200028419494629,-1.53
