Index,Level,Change,% Change
DOW,30630.17,-142.62000000000262,-0.46
S&P 500,3790.38,-11.400000000000091,-0.3
NASDAQ,11251.186,3.6039999999993597,0.03
VIX,26.44,-0.379999999999999,-1.42
BITCOIN,20573.219,324.40699999999924,1.6
US 10-YR YIELD,2.96,0.05600000000000005,1.93
