Index,Level,Change,% Change
DOW,33531.328125,-30.48046875,-0.09
S&P 500,4137.64013671875,18.47021484375,0.45
NASDAQ,12306.44140625,126.8916015625,1.04
VIX,16.940000534057617,-0.7699985504150391,-4.35
BITCOIN,27903.52734375,244.751953125,0.88
US 10-YR YIELD,3.438999891281128,-0.0820000171661377,-2.33
