Index,Level,Change,% Change
DOW,34098.1,397.8199999999997,1.18
S&P 500,4003.58,53.63999999999987,1.36
NASDAQ,11174.406,149.89500000000044,1.36
VIX,21.32,-1.0399999999999991,-4.65
BITCOIN,16109.723,331.17399999999907,2.1
US 10-YR YIELD,3.7580001,-0.06699990000000033,-1.75
