Index,Level,Change,% Change
DOW,43241.94140625,-147.66015625,-0.34
S&P 500,5910.93017578125,17.31005859375,0.29
NASDAQ,18959.2265625,167.416015625,0.89
VIX,15.989999771118164,0.4099998474121094,2.63
BITCOIN,93047.1953125,2504.5546875,2.77
US 10-YR YIELD,4.379000186920166,-0.034999847412109375,-0.79
