Index,Level,Change,% Change
DOW,34472.98046875,184.15234375,0.54
S&P 500,4436.009765625,48.4599609375,1.1
NASDAQ,13721.0322265625,215.162109375,1.59
VIX,15.970000267028809,-0.9999990463256836,-5.89
BITCOIN,26563.03125,531.375,2.04
US 10-YR YIELD,4.197999954223633,-0.13000011444091797,-3.0
