Index,Level,Change,% Change
DOW,31097.26,321.8299999999981,1.05
S&P 500,3825.33,39.94999999999982,1.06
NASDAQ,11127.845,99.10999999999876,0.9
VIX,26.7,-2.0100000000000016,-7.0
BITCOIN,19585.496,-198.65000000000146,-1.0
US 10-YR YIELD,2.889,-0.08300000000000018,-2.79
