Index,Level,Change,% Change
DOW,43541.9296875,388.80078125,0.9
S&P 500,6004.14990234375,66.81005859375,1.13
NASDAQ,19643.556640625,305.267578125,1.58
VIX,15.899999618530273,-0.7000007629394531,-4.22
BITCOIN,105373.7265625,5616.8203125,5.63
US 10-YR YIELD,4.609000205993652,0.0030002593994140625,0.07
