Index,Level,Change,% Change
DOW,36121.328125,66.8984375,0.19
S&P 500,4585.27001953125,35.93017578125,0.79
NASDAQ,14334.572265625,187.8623046875,1.33
VIX,13.029999732971191,0.05999946594238281,0.46
BITCOIN,43253.06640625,-493.37890625,-1.13
US 10-YR YIELD,4.129000186920166,0.008000373840332031,0.19
