Index,Level,Change,% Change
DOW,29260.81,-329.59999999999854,-1.11
S&P 500,3655.04,-38.190000000000055,-1.03
NASDAQ,10802.922,-65.003999999999,-0.6
VIX,32.26,2.3399999999999963,7.82
BITCOIN,19169.508,360.3050000000003,1.92
US 10-YR YIELD,3.8779998,0.18099979999999993,4.9
