Index,Level,Change,% Change
DOW,36372.23046875,124.359375,0.34
S&P 500,4619.72998046875,15.35986328125,0.33
NASDAQ,14423.4375,19.4677734375,0.14
VIX,12.6899995803833,0.3399991989135742,2.75
BITCOIN,40587.21875,-3192.48046875,-7.29
US 10-YR YIELD,4.238999843597412,-0.006000041961669922,-0.14
