Index,Level,Change,% Change
DOW,39375.87109375,67.87109375,0.17
S&P 500,5567.18994140625,30.169921875,0.54
NASDAQ,18352.759765625,164.458984375,0.9
VIX,12.449999809265137,0.3599996566772461,2.98
BITCOIN,56429.9375,-547.765625,-0.96
US 10-YR YIELD,4.272000312805176,-0.08299970626831055,-1.91
