Index,Level,Change,% Change
DOW,31928.62,48.37999999999738,0.15
S&P 500,3941.48,-32.26999999999998,-0.81
NASDAQ,11264.448,-270.8259999999991,-2.35
VIX,29.45,0.9699999999999989,3.41
BITCOIN,29329.918,246.5699999999997,0.85
US 10-YR YIELD,2.76,-0.0990000000000002,-3.46
