Index,Level,Change,% Change
DOW,32036.9,162.0600000000013,0.51
S&P 500,3998.95,39.04999999999973,0.99
NASDAQ,12059.609,161.95800000000054,1.36
VIX,23.11,-0.7699999999999996,-3.22
BITCOIN,23153.627,-107.36100000000079,-0.46
US 10-YR YIELD,2.91,-0.1259999999999999,-4.15
