Index,Level,Change,% Change
DOW,37850.2890625,381.6796875,1.02
S&P 500,4835.08984375,54.14990234375,1.13
NASDAQ,15284.1884765625,228.5380859375,1.52
VIX,13.569999694824219,-0.5600004196166992,-3.96
BITCOIN,41959.1953125,697.13671875,1.69
US 10-YR YIELD,4.145999908447266,0.0019998550415039062,0.05
