Index,Level,Change,% Change
DOW,34880.16015625,-111.05078125,-0.32
S&P 500,4502.41015625,-0.4697265625,-0.01
NASDAQ,14096.177734375,-7.662109375,-0.05
VIX,14.130000114440918,-0.05000019073486328,-0.35
BITCOIN,35786.06640625,-2094.515625,-5.53
US 10-YR YIELD,4.445000171661377,-0.08999967575073242,-1.98
