Index,Level,Change,% Change
DOW,33390.96875,387.3984375,1.17
S&P 500,4045.639892578125,64.289794921875,1.61
NASDAQ,11689.005859375,226.025390625,1.97
VIX,18.489999771118164,-1.1000003814697266,-5.62
BITCOIN,22213.23828125,-1262.228515625,-5.38
US 10-YR YIELD,3.9639999866485596,-0.10899996757507324,-2.68
