Index,Level,Change,% Change
DOW,33804.87109375,65.5703125,0.19
S&P 500,4376.9501953125,18.7099609375,0.43
NASDAQ,13659.6767578125,96.8369140625,0.71
VIX,16.1299991607666,-0.9000015258789062,-5.28
BITCOIN,26704.572265625,-686.447265625,-2.51
US 10-YR YIELD,4.595000267028809,-0.059999942779541016,-1.29
