Index,Level,Change,% Change
DOW,31499.62,417.0599999999977,1.34
S&P 500,3797.34,44.590000000000146,1.19
NASDAQ,10952.611,92.89500000000044,0.86
VIX,29.85,0.16000000000000014,0.54
BITCOIN,19347.246,-230.53700000000026,-1.18
US 10-YR YIELD,4.234,0.020999699999999955,0.5
