Index,Level,Change,% Change
DOW,42737.7109375,345.44140625,0.81
S&P 500,5942.85009765625,74.30029296875,1.27
NASDAQ,19611.54296875,330.75390625,1.72
VIX,16.31999969482422,-1.6100006103515625,-8.98
BITCOIN,98656.421875,1769.546875,1.83
US 10-YR YIELD,4.595999717712402,0.020999908447265625,0.46
