Index,Level,Change,% Change
DOW,33482.71875,80.33984375,0.24
S&P 500,4090.3798828125,-10.22021484375,-0.25
NASDAQ,11996.861328125,-129.46875,-1.07
VIX,19.1200008392334,0.12000083923339844,0.63
BITCOIN,28273.466796875,105.376953125,0.37
US 10-YR YIELD,3.2869999408721924,-0.04999995231628418,-1.5
