Index,Level,Change,% Change
DOW,28725.51,-500.1000000000022,-1.71
S&P 500,3585.62,-54.84999999999991,-1.51
NASDAQ,10575.619,-161.8869999999988,-1.51
VIX,31.62,-0.21999999999999886,-0.69
BITCOIN,19488.785,-63.87700000000041,-0.33
US 10-YR YIELD,3.8040001,0.0569999000000001,1.52
