Index,Level,Change,% Change
DOW,39497.5390625,51.05078125,0.13
S&P 500,5344.16015625,24.85009765625,0.47
NASDAQ,16745.302734375,85.283203125,0.51
VIX,20.420000076293945,-3.3700008392333984,-14.17
BITCOIN,60703.25390625,-1006.8828125,-1.63
US 10-YR YIELD,3.941999912261963,-0.05500006675720215,-1.38
