Index,Level,Change,% Change
DOW,39431.51171875,-81.328125,-0.21
S&P 500,5221.419921875,-1.26025390625,-0.02
NASDAQ,16388.23828125,47.3681640625,0.29
VIX,13.600000381469727,1.0500001907348633,8.37
BITCOIN,63056.96875,1608.57421875,2.62
US 10-YR YIELD,4.480999946594238,-0.023000240325927734,-0.51
