Index,Level,Change,% Change
DOW,33665.01953125,91.73828125,0.27
S&P 500,4267.52001953125,-16.330078125,-0.38
NASDAQ,13104.89453125,-171.525390625,-1.29
VIX,13.90999984741211,-0.05000019073486328,-0.36
BITCOIN,26402.716796875,-836.06640625,-3.07
US 10-YR YIELD,3.7839999198913574,0.08500003814697266,2.3
