Index,Level,Change,% Change
DOW,35439.62109375,22.640625,0.06
S&P 500,4550.7001953125,-4.18994140625,-0.09
NASDAQ,14258.6806640625,-23.0791015625,-0.16
VIX,12.829999923706055,0.1400003433227539,1.1
BITCOIN,37848.08984375,17.00390625,0.04
US 10-YR YIELD,4.270999908447266,-0.06500005722045898,-1.5
