Index,Level,Change,% Change
DOW,37592.98046875,-118.0390625,-0.31
S&P 500,4783.830078125,3.58984375,0.08
NASDAQ,14972.759765625,2.5693359375,0.02
VIX,13.25,0.5500001907348633,4.33
BITCOIN,43027.22265625,1230.953125,2.95
US 10-YR YIELD,3.950000047683716,-0.026999950408935547,-0.68
