Index,Level,Change,% Change
DOW,38807.80078125,16.44921875,0.04
S&P 500,5135.4501953125,-21.90966796875,-0.42
NASDAQ,16137.0009765625,-136.37890625,-0.84
VIX,14.550000190734863,0.1100006103515625,0.76
BITCOIN,69358.28125,2432.796875,3.64
US 10-YR YIELD,4.0889997482299805,-0.0030002593994140625,-0.07
