Index,Level,Change,% Change
DOW,35559.53125,100.2421875,0.28
S&P 500,4588.9599609375,6.72998046875,0.15
NASDAQ,14346.0234375,29.36328125,0.21
VIX,13.619999885559082,0.28999996185302734,2.18
BITCOIN,29217.134765625,-58.173828125,-0.2
US 10-YR YIELD,3.9590001106262207,-0.009999990463256836,-0.25
