Index,Level,Change,% Change
DOW,35520.12109375,82.05078125,0.23
S&P 500,4566.75,-0.7099609375,-0.02
NASDAQ,14127.2822265625,-17.27734375,-0.12
VIX,13.180000305175781,-0.6799993515014648,-4.91
BITCOIN,29520.81640625,343.900390625,1.18
US 10-YR YIELD,3.8509998321533203,-0.06100010871887207,-1.56
