Index,Level,Change,% Change
DOW,42436.98828125,-107.23046875,-0.25
S&P 500,5869.10986328125,-12.52001953125,-0.21
NASDAQ,19266.6171875,-44.171875,-0.23
VIX,17.93000030517578,0.5799999237060547,3.34
BITCOIN,97647.078125,3227.3203125,3.42
US 10-YR YIELD,4.574999809265137,0.0019998550415039062,0.04
