Index,Level,Change,% Change
DOW,43951.640625,543.171875,1.25
S&P 500,5961.6201171875,44.51025390625,0.75
NASDAQ,19022.876953125,56.736328125,0.3
VIX,16.739999771118164,-0.4200000762939453,-2.45
BITCOIN,98765.25,4425.7578125,4.69
US 10-YR YIELD,4.432000160217285,0.026000022888183594,0.59
