Index,Level,Change,% Change
DOW,37991.75,127.94921875,0.34
S&P 500,4854.419921875,14.60986328125,0.3
NASDAQ,15373.9345703125,62.96484375,0.41
VIX,13.300000190734863,0.0,0.0
BITCOIN,40117.05078125,-1428.734375,-3.44
US 10-YR YIELD,4.093999862670898,-0.05200004577636719,-1.25
