Index,Level,Change,% Change
DOW,37761.80078125,105.28125,0.28
S&P 500,4789.18017578125,7.60009765625,0.16
NASDAQ,15106.4794921875,7.2998046875,0.05
VIX,12.520000457763672,0.09000015258789062,0.72
BITCOIN,42490.39453125,-952.4609375,-2.19
US 10-YR YIELD,3.8499999046325684,0.06099987030029297,1.61
