Index,Level,Change,% Change
DOW,33129.58984375,-697.1015625,-2.06
S&P 500,3997.340087890625,-81.75,-2.0
NASDAQ,11492.30078125,-294.96875,-2.5
VIX,22.81999969482422,2.799999237060547,13.99
BITCOIN,24330.986328125,-498.162109375,-2.01
US 10-YR YIELD,3.9549999237060547,0.1269998550415039,3.32
