Index,Level,Change,% Change
DOW,37160.37109375,-200.75,-0.54
S&P 500,4723.7001953125,-42.27978515625,-0.89
NASDAQ,14795.9365234375,-148.4130859375,-0.99
VIX,15.020000457763672,1.1800003051757812,8.53
BITCOIN,42673.83203125,-481.11328125,-1.11
US 10-YR YIELD,4.105999946594238,0.039999961853027344,0.98
