Index,Level,Change,% Change
DOW,38663.5,-109.62109375,-0.28
S&P 500,5013.9501953125,-15.77978515625,-0.31
NASDAQ,15809.328125,-96.841796875,-0.61
VIX,14.130000114440918,0.11999988555908203,0.86
BITCOIN,51806.78125,-131.7734375,-0.25
US 10-YR YIELD,4.295000076293945,0.05500030517578125,1.3
