Index,Level,Change,% Change
DOW,33646.5,-38.2890625,-0.11
S&P 500,4091.949951171875,-16.989990234375,-0.41
NASDAQ,11929.3369140625,-102.54296875,-0.85
VIX,19.06999969482422,-0.030000686645507812,-0.16
BITCOIN,29866.458984375,213.478515625,0.72
US 10-YR YIELD,3.4210000038146973,-0.013000011444091797,-0.38
