Index,Level,Change,% Change
DOW,29210.85,-28.340000000000146,-0.1
S&P 500,3577.03,-11.809999999999945,-0.33
NASDAQ,10417.099,-9.092000000000553,-0.09
VIX,33.57,-0.060000000000002274,-0.18
BITCOIN,19142.826,94.15799999999945,0.49
US 10-YR YIELD,3.902,-0.03699999999999992,-0.94
