Index,Level,Change,% Change
DOW,33747.86,32.48999999999796,0.1
S&P 500,3992.93,36.559999999999945,0.92
NASDAQ,11323.331,209.1849999999995,1.88
VIX,22.49,-1.0400000000000027,-4.42
BITCOIN,16791.951,-821.3770000000004,-4.66
US 10-YR YIELD,3.8130002,-0.01599980000000034,-0.42
