Index,Level,Change,% Change
DOW,42242.0390625,303.58984375,0.72
S&P 500,5822.77978515625,-4.26025390625,-0.07
NASDAQ,19019.712890625,-141.91796875,-0.74
VIX,19.40999984741211,-0.13000106811523438,-0.67
BITCOIN,92093.1875,-2395.25,-2.53
US 10-YR YIELD,4.802999973297119,0.026999950408935547,0.57
