Index,Level,Change,% Change
DOW,31861.98046875,-384.5703125,-1.19
S&P 500,3916.639892578125,-43.64013671875,-1.1
NASDAQ,11630.513671875,-86.7666015625,-0.74
VIX,25.40999984741211,2.4200000762939453,10.53
BITCOIN,26847.56640625,2471.60546875,10.14
US 10-YR YIELD,3.3949999809265137,-0.19000005722045898,-5.3
