Index,Level,Change,% Change
DOW,34407.6015625,285.1796875,0.84
S&P 500,4450.3798828125,53.93994140625,1.23
NASDAQ,13787.9228515625,196.5927734375,1.45
VIX,13.369999885559082,-0.1700000762939453,-1.26
BITCOIN,30379.736328125,-65.615234375,-0.22
US 10-YR YIELD,3.818999767303467,-0.03500032424926758,-0.91
