Index,Level,Change,% Change
DOW,39806.76953125,-196.8203125,-0.49
S&P 500,5308.1298828125,4.85986328125,0.09
NASDAQ,16794.875,108.904296875,0.65
VIX,12.140000343322754,0.15000057220458984,1.25
BITCOIN,69650.609375,3372.2421875,5.09
US 10-YR YIELD,4.436999797821045,0.01699972152709961,0.38
