Index,Level,Change,% Change
DOW,38386.08984375,146.4296875,0.38
S&P 500,5116.169921875,16.2099609375,0.32
NASDAQ,15983.083984375,55.18359375,0.35
VIX,14.6899995803833,-0.3400001525878906,-2.26
BITCOIN,63029.51953125,-83.7109375,-0.13
US 10-YR YIELD,4.613999843597412,-0.05500030517578125,-1.18
