Index,Level,Change,% Change
DOW,34261.421875,317.0234375,0.93
S&P 500,4439.259765625,29.72998046875,0.67
NASDAQ,13760.69921875,75.21875,0.55
VIX,14.859999656677246,-0.21000003814697266,-1.39
BITCOIN,30602.322265625,187.8515625,0.62
US 10-YR YIELD,3.9800000190734863,-0.026000022888183594,-0.65
