Index,Level,Change,% Change
DOW,34962.76953125,17.30078125,0.05
S&P 500,4516.8798828125,8.6396484375,0.19
NASDAQ,14141.4892578125,27.8193359375,0.2
VIX,13.789999961853027,-0.5299997329711914,-3.7
BITCOIN,36441.69140625,286.921875,0.79
US 10-YR YIELD,4.440999984741211,-0.004000186920166016,-0.09
