Index,Level,Change,% Change
DOW,29490.89,765.380000000001,2.66
S&P 500,3678.43,92.80999999999995,2.59
NASDAQ,10815.435,239.8159999999989,2.27
VIX,30.1,-1.5199999999999996,-4.81
BITCOIN,19534.9,495.76300000000265,2.6
US 10-YR YIELD,3.6509998,-0.15300029999999998,-4.02
