Index,Level,Change,% Change
DOW,39127.140625,-43.09765625,-0.11
S&P 500,5211.490234375,5.68017578125,0.11
NASDAQ,16277.4580078125,37.0078125,0.23
VIX,14.34000015258789,-0.26999950408935547,-1.85
BITCOIN,65800.375,353.40234375,0.54
US 10-YR YIELD,4.355000019073486,-0.009999752044677734,-0.23
