Index,Level,Change,% Change
DOW,37854.19140625,-51.2578125,-0.14
S&P 500,4872.759765625,8.15966796875,0.17
NASDAQ,15496.4619140625,70.521484375,0.46
VIX,12.90999984741211,0.3599996566772461,2.87
BITCOIN,39811.8203125,-33.73046875,-0.08
US 10-YR YIELD,4.177999973297119,0.03599977493286133,0.87
