Index,Level,Change,% Change
DOW,37499.9296875,69.73828125,0.19
S&P 500,4699.56005859375,-5.25,-0.11
NASDAQ,14546.9423828125,-45.267578125,-0.31
VIX,13.84000015258789,-0.19999980926513672,-1.42
BITCOIN,44097.68359375,1249.5078125,2.92
US 10-YR YIELD,3.990999937057495,0.0839998722076416,2.15
