Index,Level,Change,% Change
DOW,37501.46875,195.44921875,0.52
S&P 500,4762.39013671875,21.830078125,0.46
NASDAQ,14982.7763671875,77.966796875,0.52
VIX,12.390000343322754,-0.1700000762939453,-1.35
BITCOIN,42273.34375,-350.1953125,-0.82
US 10-YR YIELD,3.9220001697540283,-0.031999826431274414,-0.81
