Index,Level,Change,% Change
DOW,30183.78,-522.4500000000007,-1.7
S&P 500,3789.93,-66.0,-1.71
NASDAQ,11220.192,-204.85900000000038,-1.79
VIX,27.99,0.8299999999999983,3.06
BITCOIN,18943.521,59.90599999999904,0.32
US 10-YR YIELD,3.5099998,-0.06100009999999978,-1.71
