Index,Level,Change,% Change
DOW,38589.16015625,-57.94140625,-0.15
S&P 500,5431.60009765625,-2.14013671875,-0.04
NASDAQ,17688.8828125,21.322265625,0.12
VIX,12.670000076293945,0.7300004959106445,6.11
BITCOIN,65677.4453125,-1078.953125,-1.62
US 10-YR YIELD,4.213000297546387,-0.024999618530273438,-0.59
