Index,Level,Change,% Change
DOW,42708.80078125,-283.41015625,-0.66
S&P 500,5924.60986328125,-46.22998046875,-0.77
NASDAQ,19560.859375,-161.169921875,-0.82
VIX,16.540000915527344,0.590001106262207,3.7
BITCOIN,94819.90625,1289.6796875,1.38
US 10-YR YIELD,4.545000076293945,-0.07399988174438477,-1.6
