Index,Level,Change,% Change
DOW,38884.26171875,31.9921875,0.08
S&P 500,5187.7001953125,6.9599609375,0.13
NASDAQ,16332.5556640625,-16.6943359375,-0.1
VIX,13.239999771118164,-0.25,-1.85
BITCOIN,63142.453125,-19.49609375,-0.03
US 10-YR YIELD,4.463000297546387,-0.02599954605102539,-0.58
