Index,Level,Change,% Change
DOW,38766.83984375,247.0,0.64
S&P 500,4971.35009765625,65.16015625,1.33
NASDAQ,15646.2861328125,284.646484375,1.85
VIX,13.920000076293945,0.039999961853027344,0.29
BITCOIN,43014.77734375,-60.99609375,-0.14
US 10-YR YIELD,4.0329999923706055,0.1700000762939453,4.4
