Index,Level,Change,% Change
DOW,44626.83984375,-138.87109375,-0.31
S&P 500,6085.64990234375,10.5400390625,0.17
NASDAQ,19840.57421875,140.314453125,0.71
VIX,13.010000228881836,-0.5299997329711914,-3.91
BITCOIN,101969.65625,5376.0859375,5.57
US 10-YR YIELD,4.151000022888184,-0.028999805450439453,-0.69
