Index,Level,Change,% Change
DOW,35061.2109375,109.28125,0.31
S&P 500,4565.72021484375,10.740234375,0.24
NASDAQ,14358.0185546875,4.37890625,0.03
VIX,13.739999771118164,0.4399995803833008,3.31
BITCOIN,30007.353515625,-138.53515625,-0.46
US 10-YR YIELD,3.741999864578247,-0.04700016975402832,-1.24
