Index,Level,Change,% Change
DOW,33849.46,-497.5699999999997,-1.45
S&P 500,3963.94,-62.179999999999836,-1.54
NASDAQ,11049.499,-176.85599999999977,-1.58
VIX,22.22,1.7199999999999989,8.39
BITCOIN,16219.644,-234.0649999999987,-1.42
US 10-YR YIELD,3.7029998,0.011999800000000338,0.33
