Index,Level,Change,% Change
DOW,31874.5703125,-280.830078125,-0.87
S&P 500,3891.929931640625,-27.360107421875,-0.7
NASDAQ,11434.0517578125,5.9013671875,0.05
VIX,26.100000381469727,2.3700008392333984,9.99
BITCOIN,24371.240234375,-374.833984375,-1.51
US 10-YR YIELD,3.491999864578247,-0.14600014686584473,-4.01
