Index,Level,Change,% Change
DOW,37702.16015625,6.4296875,0.02
S&P 500,4779.0498046875,-4.400390625,-0.09
NASDAQ,14967.6826171875,-1.9677734375,-0.01
VIX,12.510000228881836,-0.17999935150146484,-1.42
BITCOIN,46852.0,224.22265625,0.48
US 10-YR YIELD,3.9769999980926514,-0.05300021171569824,-1.32
