Index,Level,Change,% Change
DOW,38305.78125,196.3515625,0.52
S&P 500,4925.740234375,34.77001953125,0.71
NASDAQ,15620.9931640625,165.6328125,1.07
VIX,13.680000305175781,0.4200000762939453,3.17
BITCOIN,43103.99609375,1068.40234375,2.54
US 10-YR YIELD,4.091000080108643,-0.0689997673034668,-1.66
