Index,Level,Change,% Change
DOW,32196.66,466.3600000000006,1.47
S&P 500,4023.89,93.80999999999995,2.39
NASDAQ,11805.002,434.0400000000009,3.82
VIX,28.87,-2.8999999999999986,-9.13
BITCOIN,30007.43,1035.885000000002,3.58
US 10-YR YIELD,2.935,0.11799999999999988,4.19
