Index,Level,Change,% Change
DOW,33618.87890625,-388.0,-1.14
S&P 500,4273.52978515625,-63.91015625,-1.47
NASDAQ,13063.609375,-207.7109375,-1.57
VIX,18.940000534057617,2.0400009155273438,12.07
BITCOIN,26233.6171875,-64.86328125,-0.25
US 10-YR YIELD,4.558000087738037,0.01600027084350586,0.35
