Index,Level,Change,% Change
DOW,34029.69140625,383.19140625,1.14
S&P 500,4146.22021484375,54.270263671875,1.33
NASDAQ,12166.271484375,236.931640625,1.99
VIX,17.799999237060547,-1.2900009155273438,-6.76
BITCOIN,30286.689453125,51.630859375,0.17
US 10-YR YIELD,3.452000141143799,0.031000137329101562,0.91
