Index,Level,Change,% Change
DOW,34500.73046875,57.5390625,0.17
S&P 500,4451.14013671875,-14.33984375,-0.32
NASDAQ,13748.83203125,-123.6376953125,-0.89
VIX,14.4399995803833,-0.010000228881835938,-0.07
BITCOIN,25878.783203125,125.546875,0.49
US 10-YR YIELD,4.259999752044678,-0.03000020980834961,-0.7
