Index,Level,Change,% Change
DOW,38088.16015625,39.03125,0.1
S&P 500,4890.77978515625,-3.38037109375,-0.07
NASDAQ,15460.4853515625,-50.0146484375,-0.32
VIX,13.239999771118164,-0.21000003814697266,-1.56
BITCOIN,42005.296875,2071.48828125,5.19
US 10-YR YIELD,4.159999847412109,0.0279998779296875,0.68
