Index,Level,Change,% Change
DOW,39737.26171875,-610.70703125,-1.51
S&P 500,5346.56005859375,-100.1201171875,-1.84
NASDAQ,16776.1640625,-417.986328125,-2.43
VIX,23.559999465942383,4.969999313354492,26.73
BITCOIN,62623.9453125,-2733.5546875,-4.18
US 10-YR YIELD,3.7919998168945312,-0.18400025367736816,-4.63
