Index,Level,Change,% Change
DOW,38111.48046875,-330.05859375,-0.86
S&P 500,5235.47998046875,-31.47021484375,-0.6
NASDAQ,16737.078125,-183.501953125,-1.08
VIX,14.460000038146973,0.18000030517578125,1.26
BITCOIN,68302.703125,724.609375,1.07
US 10-YR YIELD,4.553999900817871,-0.07000017166137695,-1.51
