Index,Level,Change,% Change
DOW,37385.96875,-18.3828125,-0.05
S&P 500,4754.6298828125,7.8798828125,0.17
NASDAQ,14992.9697265625,29.099609375,0.19
VIX,13.029999732971191,-0.619999885559082,-4.54
BITCOIN,43396.34375,380.2265625,0.88
US 10-YR YIELD,3.9010000228881836,0.006999969482421875,0.18
