Index,Level,Change,% Change
DOW,43297.03125,390.08203125,0.91
S&P 500,6040.0400390625,65.97021484375,1.1
NASDAQ,20031.126953125,266.24609375,1.35
VIX,14.270000457763672,-2.510000228881836,-14.96
BITCOIN,97808.4921875,3122.25,3.3
US 10-YR YIELD,4.591000080108643,-0.007999897003173828,-0.17
