Index,Level,Change,% Change
DOW,39043.3203125,37.83203125,0.1
S&P 500,5165.31005859375,-9.9599609375,-0.19
NASDAQ,16177.7666015625,-87.873046875,-0.54
VIX,13.760000228881836,-0.07999992370605469,-0.58
BITCOIN,73288.125,1806.8359375,2.53
US 10-YR YIELD,4.191999912261963,0.03699970245361328,0.89
