Index,Level,Change,% Change
DOW,42313.0,137.890625,0.33
S&P 500,5738.169921875,-7.2001953125,-0.13
NASDAQ,18119.58984375,-70.69921875,-0.39
VIX,16.959999084472656,1.5899991989135742,10.34
BITCOIN,65764.328125,583.30859375,0.89
US 10-YR YIELD,3.749000072479248,-0.04199981689453125,-1.11
