Index,Level,Change,% Change
DOW,42544.21875,-29.51171875,-0.07
S&P 500,5881.6298828125,-25.31005859375,-0.43
NASDAQ,19310.7890625,-176.0,-0.9
VIX,17.350000381469727,-0.049999237060546875,-0.29
BITCOIN,94433.8046875,1004.6015625,1.08
US 10-YR YIELD,4.572999954223633,0.0279998779296875,0.62
