Index,Level,Change,% Change
DOW,35010.28125,182.58203125,0.52
S&P 500,4506.330078125,10.6298828125,0.24
NASDAQ,14114.455078125,20.0751953125,0.14
VIX,14.100000381469727,-0.05999946594238281,-0.42
BITCOIN,37674.7421875,2137.1015625,6.01
US 10-YR YIELD,4.534999847412109,0.09399986267089844,2.12
