Index,Level,Change,% Change
DOW,38565.33984375,-62.6484375,-0.16
S&P 500,4972.580078125,-32.98974609375,-0.66
NASDAQ,15598.4306640625,-177.2197265625,-1.12
VIX,15.300000190734863,1.0600004196166992,7.44
BITCOIN,52059.18359375,280.0390625,0.54
US 10-YR YIELD,4.275000095367432,-0.019999980926513672,-0.47
