Index,Level,Change,% Change
DOW,43784.171875,-174.01953125,-0.4
S&P 500,5956.68017578125,-28.69970703125,-0.48
NASDAQ,19121.0703125,-109.650390625,-0.57
VIX,13.989999771118164,-0.030000686645507812,-0.21
BITCOIN,88547.640625,-2036.5234375,-2.25
US 10-YR YIELD,4.418000221252441,-0.03299999237060547,-0.74
