Index,Level,Change,% Change
DOW,43077.69921875,337.27734375,0.79
S&P 500,5842.47021484375,27.21044921875,0.47
NASDAQ,18367.078125,51.48828125,0.28
VIX,19.579999923706055,-1.0599994659423828,-5.14
BITCOIN,67842.203125,801.09375,1.19
US 10-YR YIELD,4.015999794006348,-0.02200031280517578,-0.54
