Index,Level,Change,% Change
DOW,33876.78125,43.171875,0.13
S&P 500,4298.85986328125,4.9296875,0.11
NASDAQ,13259.1435546875,20.6240234375,0.16
VIX,13.859999656677246,0.21000003814697266,1.54
BITCOIN,26435.32421875,-72.892578125,-0.27
US 10-YR YIELD,3.745000123977661,0.031000137329101562,0.83
