Index,Level,Change,% Change
DOW,43963.26171875,-185.296875,-0.42
S&P 500,6060.009765625,-24.18017578125,-0.4
NASDAQ,19927.1875,-107.703125,-0.54
VIX,13.899999618530273,0.31999969482421875,2.36
BITCOIN,99579.90625,-1593.125,-1.57
US 10-YR YIELD,4.324000358581543,0.053000450134277344,1.24
