Index,Level,Change,% Change
DOW,33980.32,-171.69000000000233,-0.5
S&P 500,4274.04,-31.159999999999854,-0.72
NASDAQ,12938.123,-164.4260000000013,-1.25
VIX,19.92,0.23000000000000043,1.17
BITCOIN,23366.648,-494.0649999999987,-2.07
US 10-YR YIELD,2.8930001,0.06900010000000023,2.44
