Index,Level,Change,% Change
DOW,41335.05078125,243.62890625,0.59
S&P 500,5591.9599609375,-0.22021484375,-0.0
NASDAQ,17516.4296875,-39.599609375,-0.23
VIX,15.619999885559082,-1.4900007247924805,-8.71
BITCOIN,59366.44140625,338.81640625,0.57
US 10-YR YIELD,3.866999864578247,0.025999784469604492,0.68
