Index,Level,Change,% Change
DOW,40539.9296875,-49.41015625,-0.12
S&P 500,5463.5400390625,4.43994140625,0.08
NASDAQ,17370.201171875,12.3203125,0.07
VIX,16.59000015258789,0.20000076293945312,1.22
BITCOIN,67197.875,-1057.9921875,-1.55
US 10-YR YIELD,4.177999973297119,-0.021999835968017578,-0.52
