Index,Level,Change,% Change
DOW,33093.33984375,328.689453125,1.0
S&P 500,4205.4501953125,54.17041015625,1.3
NASDAQ,12975.6904296875,277.6005859375,2.19
VIX,17.459999084472656,-0.4900016784667969,-2.73
BITCOIN,27673.779296875,-411.8671875,-1.47
US 10-YR YIELD,3.809999942779541,-0.003999948501586914,-0.1
