Index,Level,Change,% Change
DOW,39558.109375,126.59765625,0.32
S&P 500,5246.68017578125,25.26025390625,0.48
NASDAQ,16511.1796875,122.939453125,0.75
VIX,13.40999984741211,-0.1900005340576172,-1.4
BITCOIN,61584.26171875,-1317.1875,-2.09
US 10-YR YIELD,4.445000171661377,-0.03599977493286133,-0.8
