Index,Level,Change,% Change
DOW,34509.03125,113.890625,0.33
S&P 500,4505.419921875,-4.6201171875,-0.1
NASDAQ,14113.703125,-24.8671875,-0.18
VIX,13.319999694824219,-0.28999996185302734,-2.13
BITCOIN,30075.857421875,-1400.19140625,-4.45
US 10-YR YIELD,3.818999767303467,0.05799984931945801,1.54
