Index,Level,Change,% Change
DOW,33946.7109375,-4.80859375,-0.01
S&P 500,4381.89013671875,16.2001953125,0.37
NASDAQ,13630.6083984375,128.408203125,0.95
VIX,12.899999618530273,-0.3000001907348633,-2.27
BITCOIN,30130.7421875,103.4453125,0.34
US 10-YR YIELD,3.7990002632141113,0.07600021362304688,2.04
