Index,Level,Change,% Change
DOW,44719.05078125,-141.2578125,-0.31
S&P 500,5995.10986328125,-26.52001953125,-0.44
NASDAQ,19043.595703125,-130.705078125,-0.68
VIX,14.319999694824219,0.2199993133544922,1.56
BITCOIN,97357.9921875,5372.671875,5.84
US 10-YR YIELD,4.241999626159668,-0.06000041961669922,-1.39
