Index,Level,Change,% Change
DOW,32016.62,-144.12000000000262,-0.45
S&P 500,3967.08,-33.970000000000255,-0.85
NASDAQ,11488.987,-248.6840000000011,-2.12
VIX,32.31,-0.6799999999999997,-2.06
BITCOIN,29992.066,-993.7270000000026,-3.21
US 10-YR YIELD,2.921,-0.07200000000000006,-2.41
