Index,Level,Change,% Change
DOW,38778.6796875,117.62890625,0.3
S&P 500,5153.52978515625,48.77001953125,0.96
NASDAQ,16260.66796875,229.1279296875,1.43
VIX,14.399999618530273,-0.10000038146972656,-0.69
BITCOIN,67755.8984375,1649.09375,2.49
US 10-YR YIELD,4.0920000076293945,-0.012000083923339844,-0.29
