Index,Level,Change,% Change
DOW,42374.359375,-140.58984375,-0.33
S&P 500,5809.85986328125,12.43994140625,0.21
NASDAQ,18415.486328125,138.8359375,0.76
VIX,19.06999969482422,-0.1700000762939453,-0.88
BITCOIN,68130.7265625,1698.53125,2.56
US 10-YR YIELD,4.199999809265137,-0.04200029373168945,-0.99
