Index,Level,Change,% Change
DOW,31082.56,748.9700000000012,2.47
S&P 500,3752.75,86.9699999999998,2.37
NASDAQ,10859.716,244.8720000000012,2.31
VIX,29.69,-0.28999999999999915,-0.97
BITCOIN,19202.29,146.09500000000116,0.77
US 10-YR YIELD,4.2130003,-0.012999699999999947,-0.31
