Index,Level,Change,% Change
DOW,34189.96875,216.95703125,0.64
S&P 500,3983.169921875,13.559814453125,0.34
NASDAQ,11001.1044921875,69.4345703125,0.64
VIX,18.90999984741211,-2.1800003051757812,-10.34
BITCOIN,18848.068359375,913.171875,5.09
US 10-YR YIELD,3.449000120162964,-0.10499978065490723,-2.95
