Index,Level,Change,% Change
DOW,33897.26953125,-215.0,-0.63
S&P 500,4349.009765625,-33.77001953125,-0.77
NASDAQ,13527.025390625,-123.384765625,-0.9
VIX,15.449999809265137,1.0,6.92
BITCOIN,36232.625,577.34765625,1.62
US 10-YR YIELD,4.630000114440918,0.10700035095214844,2.37
