Index,Level,Change,% Change
DOW,38715.28125,37.921875,0.1
S&P 500,4998.8798828125,3.81982421875,0.08
NASDAQ,15801.8134765625,45.173828125,0.29
VIX,12.920000076293945,0.09000015258789062,0.7
BITCOIN,45530.58984375,1212.3671875,2.74
US 10-YR YIELD,4.170000076293945,0.059999942779541016,1.46
