Index,Level,Change,% Change
DOW,30273.87,-42.45000000000073,-0.14
S&P 500,3783.28,-7.649999999999636,-0.2
NASDAQ,11148.639,-27.76600000000144,-0.25
VIX,28.55,-0.5199999999999996,-1.79
BITCOIN,20107.385,-229.13600000000224,-1.13
US 10-YR YIELD,3.759,0.14200009999999974,3.93
