Index,Level,Change,% Change
DOW,33061.5703125,153.30078125,0.47
S&P 500,4221.02001953125,41.18994140625,0.99
NASDAQ,13100.9814453125,165.69140625,1.28
VIX,15.649999618530273,-2.2900009155273438,-12.76
BITCOIN,26881.642578125,-338.015625,-1.24
US 10-YR YIELD,3.6080002784729004,-0.028999805450439453,-0.8
