index,value,value_change,value_percent_change
DOW,32899.37,-98.62999999999738,-0.3
S&P 500,4123.34,-23.529999999999745,-0.57
NASDAQ,12144.662,-173.03800000000047,-1.4
VIX,32.72,1.5199999999999996,4.87
BITCOIN,33307.9,-731.8969999999972,-2.15
US 10-YR YIELD,3.123,0.0,0.0
