Index,Level,Change,% Change
DOW,32637.19,516.9099999999999,1.61
S&P 500,4057.84,79.11000000000013,1.99
NASDAQ,11740.65,305.90999999999985,2.68
VIX,27.5,-0.870000000000001,-3.07
BITCOIN,29415.195,-153.06300000000192,-0.52
US 10-YR YIELD,2.756,0.006999999999999673,0.25
