Index,Level,Change,% Change
DOW,31019.68,197.26000000000204,0.64
S&P 500,3899.89,26.559999999999945,0.69
NASDAQ,11535.02,86.61700000000019,0.76
VIX,25.76,-0.5399999999999991,-2.05
BITCOIN,19484.043,44.93600000000151,0.23
US 10-YR YIELD,3.4900002,0.04200019999999993,1.22
