Index,Level,Change,% Change
DOW,36253.609375,136.23046875,0.38
S&P 500,4603.35986328125,17.77001953125,0.39
NASDAQ,14401.470703125,61.48046875,0.43
VIX,12.510000228881836,-0.5500001907348633,-4.21
BITCOIN,44015.421875,722.7578125,1.67
US 10-YR YIELD,4.244999885559082,0.11599969863891602,2.81
