Index,Level,Change,% Change
DOW,30822.42,-139.40000000000146,-0.45
S&P 500,3873.33,-28.019999999999982,-0.72
NASDAQ,11448.403,-103.95399999999972,-0.9
VIX,26.3,0.030000000000001137,0.11
BITCOIN,19656.533,-59.52600000000166,-0.3
US 10-YR YIELD,3.448,-0.01100000000000012,-0.32
