Index,Level,Change,% Change
DOW,37260.0703125,-297.8515625,-0.79
S&P 500,4719.60986328125,-48.76025390625,-1.02
NASDAQ,14844.8935546875,-158.326171875,-1.06
VIX,13.829999923706055,1.3000001907348633,10.38
BITCOIN,43686.5703125,1416.04296875,3.35
US 10-YR YIELD,3.877000093460083,-0.04499983787536621,-1.15
