Index,Level,Change,% Change
DOW,33035.9296875,-105.44921875,-0.32
S&P 500,4186.77001953125,-60.91015625,-1.43
NASDAQ,12821.224609375,-318.6455078125,-2.43
VIX,20.31999969482422,1.3500003814697266,7.12
BITCOIN,34763.6328125,862.10546875,2.54
US 10-YR YIELD,4.953000068664551,0.11299991607666016,2.33
