Index,Level,Change,% Change
DOW,33042.78125,-50.55859375,-0.15
S&P 500,4205.52001953125,0.06982421875,0.0
NASDAQ,13017.42578125,41.7353515625,0.32
VIX,17.479999542236328,-0.470001220703125,-2.62
BITCOIN,27800.2890625,54.404296875,0.2
US 10-YR YIELD,3.700000047683716,-0.1099998950958252,-2.89
