Index,Level,Change,% Change
DOW,32155.400390625,336.259765625,1.06
S&P 500,3920.56005859375,64.800048828125,1.68
NASDAQ,11428.1484375,239.30859375,2.14
VIX,23.729999542236328,-2.7900009155273438,-10.52
BITCOIN,24964.27734375,766.744140625,3.17
US 10-YR YIELD,3.638000011444092,0.12299990653991699,3.5
