Index,Level,Change,% Change
DOW,35065.62109375,-150.26953125,-0.43
S&P 500,4478.02978515625,-23.8603515625,-0.53
NASDAQ,13909.23828125,-50.4814453125,-0.36
VIX,17.209999084472656,1.289999008178711,8.1
BITCOIN,29036.892578125,-115.06640625,-0.39
US 10-YR YIELD,4.059999942779541,-0.12900018692016602,-3.08
