Index,Level,Change,% Change
DOW,34302.609375,112.640625,0.33
S&P 500,3999.090087890625,15.920166015625,0.4
NASDAQ,11079.15625,78.056640625,0.71
VIX,18.280000686645508,-0.5499992370605469,-2.92
BITCOIN,19441.40625,571.818359375,3.03
US 10-YR YIELD,3.511000156402588,0.062000274658203125,1.8
