Index,Level,Change,% Change
DOW,34066.328125,189.546875,0.56
S&P 500,4338.93017578125,40.0703125,0.93
NASDAQ,13461.9208984375,202.78125,1.53
VIX,14.970000267028809,1.140000343322754,8.24
BITCOIN,25842.412109375,-97.755859375,-0.38
US 10-YR YIELD,3.765000104904175,0.020000219345092773,0.53
