Index,Level,Change,% Change
DOW,39291.96875,-52.8203125,-0.13
S&P 500,5576.97998046875,4.1298828125,0.07
NASDAQ,18429.291015625,25.55078125,0.14
VIX,12.5,0.13000011444091797,1.05
BITCOIN,57906.05859375,1200.9609375,2.12
US 10-YR YIELD,4.300000190734863,0.031000137329101562,0.73
