Index,Level,Change,% Change
DOW,31581.28,435.97999999999956,1.4
S&P 500,3979.87,71.67999999999984,1.83
NASDAQ,11791.899,246.98999999999978,2.14
VIX,24.64,-2.2699999999999996,-8.44
BITCOIN,19224.512,419.6219999999994,2.23
US 10-YR YIELD,3.265,-0.07500019999999985,-2.25
