Index,Level,Change,% Change
DOW,32936.41015625,-190.87109375,-0.58
S&P 500,4217.0400390625,-7.1201171875,-0.17
NASDAQ,13018.3291015625,34.51953125,0.27
VIX,20.389999389648438,-1.3199996948242188,-6.08
BITCOIN,31625.015625,1631.119140625,5.44
US 10-YR YIELD,4.838000297546387,-0.0859994888305664,-1.75
