Index,Level,Change,% Change
DOW,42011.58984375,-184.9296875,-0.44
S&P 500,5699.93994140625,-9.60009765625,-0.17
NASDAQ,17918.474609375,-6.64453125,-0.04
VIX,20.510000228881836,1.6100006103515625,8.52
BITCOIN,60820.9140625,188.12890625,0.31
US 10-YR YIELD,3.8499999046325684,0.06499981880187988,1.72
