Index,Level,Change,% Change
DOW,31500.68,823.3199999999997,2.68
S&P 500,3911.74,116.00999999999976,3.06
NASDAQ,11607.62,375.4280000000017,3.34
VIX,27.26,-1.7899999999999991,-6.16
BITCOIN,21226.637,113.81499999999869,0.54
US 10-YR YIELD,3.125,0.05699999999999994,1.86
