Index,Level,Change,% Change
DOW,39387.76171875,331.37109375,0.85
S&P 500,5214.080078125,26.41015625,0.51
NASDAQ,16346.2646484375,43.5048828125,0.27
VIX,12.720000267028809,-0.2799997329711914,-2.15
BITCOIN,62445.87109375,1257.9296875,2.06
US 10-YR YIELD,4.449000358581543,-0.0429997444152832,-0.96
