Index,Level,Change,% Change
DOW,32928.9609375,511.37109375,1.58
S&P 500,4166.81982421875,49.44970703125,1.2
NASDAQ,12789.482421875,146.47265625,1.16
VIX,19.780000686645508,-1.489999771118164,-7.01
BITCOIN,34351.1484375,-187.33203125,-0.54
US 10-YR YIELD,4.875,0.03000020980834961,0.62
