Index,Level,Change,% Change
DOW,32513.94,-646.890000000003,-1.95
S&P 500,3748.57,-79.53999999999996,-2.08
NASDAQ,10353.175,-263.02500000000146,-2.48
VIX,26.03,0.490000000000002,1.92
BITCOIN,16085.995,-2423.1609999999982,-13.09
US 10-YR YIELD,4.151,0.024999999999999467,0.61
