Index,Level,Change,% Change
DOW,42208.21875,83.5703125,0.2
S&P 500,5732.93017578125,14.3603515625,0.25
NASDAQ,18074.521484375,100.251953125,0.56
VIX,15.390000343322754,-0.5,-3.15
BITCOIN,64239.76953125,909.96875,1.44
US 10-YR YIELD,3.7360000610351562,-0.003000020980834961,-0.08
