Index,Level,Change,% Change
DOW,31438.26,-62.42000000000189,-0.2
S&P 500,3900.11,-11.629999999999654,-0.3
NASDAQ,11524.552,-83.06800000000112,-0.72
VIX,26.93,-0.3000000000000007,-1.1
BITCOIN,20917.164,-107.3159999999989,-0.51
US 10-YR YIELD,3.194,0.06899999999999995,2.21
