Index,Level,Change,% Change
DOW,35307.62890625,26.23046875,0.07
S&P 500,4489.72021484375,25.67041015625,0.58
NASDAQ,13788.3310546875,143.4814453125,1.05
VIX,14.789999961853027,-0.05000019073486328,-0.34
BITCOIN,29349.7421875,66.828125,0.23
US 10-YR YIELD,4.184000015258789,0.015999794006347656,0.38
