Index,Level,Change,% Change
DOW,32098.99,-184.40999999999985,-0.57
S&P 500,4030.61,-27.049999999999727,-0.67
NASDAQ,12017.669,-124.04099999999926,-1.02
VIX,26.2,0.6400000000000006,2.5
BITCOIN,20166.75,537.1519999999982,2.74
US 10-YR YIELD,3.1100001,0.07500010000000001,2.47
