Index,Level,Change,% Change
DOW,36928.7890625,350.84765625,0.96
S&P 500,4686.18017578125,42.47998046875,0.91
NASDAQ,14650.23828125,116.837890625,0.8
VIX,12.1899995803833,0.11999988555908203,0.99
BITCOIN,42711.40234375,1261.1796875,3.04
US 10-YR YIELD,4.0329999923706055,-0.17299985885620117,-4.11
