Index,Level,Change,% Change
DOW,32774.41,-58.12999999999738,-0.18
S&P 500,4122.47,-17.590000000000146,-0.42
NASDAQ,12493.93,-150.52900000000045,-1.19
VIX,21.78,0.490000000000002,2.3
BITCOIN,23109.47,-707.1919999999991,-2.97
US 10-YR YIELD,2.797,0.03200010000000031,1.16
