Index,Level,Change,% Change
DOW,30706.23,-313.4500000000007,-1.01
S&P 500,3855.93,-43.960000000000036,-1.13
NASDAQ,11425.051,-109.96900000000096,-0.95
VIX,27.16,1.3999999999999986,5.43
BITCOIN,19040.594,-532.8529999999992,-2.72
US 10-YR YIELD,3.5709999,0.08099970000000001,2.32
