Index,Level,Change,% Change
DOW,32529.63,332.0400000000009,1.03
S&P 500,4072.43,48.81999999999971,1.21
NASDAQ,12162.593,130.17000000000007,1.08
VIX,22.32,-0.9199999999999982,-3.96
BITCOIN,23860.244,903.3669999999984,3.94
US 10-YR YIELD,2.681,-0.052999999999999936,-1.94
