Index,Level,Change,% Change
DOW,37411.109375,-29.23046875,-0.08
S&P 500,4686.7998046875,-1.88037109375,-0.04
NASDAQ,14492.61328125,-17.6865234375,-0.12
VIX,13.5600004196167,-0.5699996948242188,-4.03
BITCOIN,43682.1171875,-497.8046875,-1.13
US 10-YR YIELD,4.041999816894531,0.05099987983703613,1.28
