Index,Level,Change,% Change
DOW,30076.68,-107.09999999999854,-0.35
S&P 500,3757.99,-31.940000000000055,-0.84
NASDAQ,11066.806,-153.3859999999986,-1.37
VIX,27.35,-0.639999999999997,-2.29
BITCOIN,19290.701,765.8120000000017,4.13
US 10-YR YIELD,3.7080002,0.19800039999999974,5.64
