Index,Level,Change,% Change
DOW,42929.30078125,-396.5,-0.92
S&P 500,5959.02978515625,-78.56005859375,-1.3
NASDAQ,19675.39453125,-344.96484375,-1.72
VIX,16.420000076293945,1.6900005340576172,11.47
BITCOIN,94396.28125,-1399.234375,-1.46
US 10-YR YIELD,4.61899995803833,0.039999961853027344,0.87
