Index,Level,Change,% Change
DOW,39313.640625,-162.2578125,-0.41
S&P 500,5218.18994140625,-15.990234375,-0.31
NASDAQ,16384.466796875,-44.353515625,-0.27
VIX,13.1899995803833,0.12999916076660156,1.0
BITCOIN,70840.7734375,3606.6015625,5.36
US 10-YR YIELD,4.252999782562256,0.034999847412109375,0.83
