Index,Level,Change,% Change
DOW,39169.51953125,50.66015625,0.13
S&P 500,5475.08984375,14.60986328125,0.27
NASDAQ,17879.298828125,146.69921875,0.83
VIX,12.199999809265137,-0.23999977111816406,-1.93
BITCOIN,63332.015625,653.72265625,1.04
US 10-YR YIELD,4.479000091552734,0.1360001564025879,3.13
