Index,Level,Change,% Change
DOW,35630.6796875,71.1484375,0.2
S&P 500,4576.72998046875,-12.22998046875,-0.27
NASDAQ,14283.9130859375,-62.1064453125,-0.43
VIX,13.90999984741211,0.2799997329711914,2.05
BITCOIN,29192.919921875,-37.19140625,-0.13
US 10-YR YIELD,4.050999641418457,0.09199953079223633,2.32
