Index,Level,Change,% Change
DOW,42826.62890625,-13.6328125,-0.03
S&P 500,5958.60009765625,27.75,0.47
NASDAQ,19712.310546875,139.7109375,0.71
VIX,17.510000228881836,-0.8500003814697266,-4.63
BITCOIN,92707.5859375,-2397.3515625,-2.52
US 10-YR YIELD,4.598999977111816,0.07499980926513672,1.66
