Index,Level,Change,% Change
DOW,30423.81,-99.98999999999796,-0.33
S&P 500,3695.16,-24.820000000000164,-0.67
NASDAQ,10680.508,-91.89400000000023,-0.85
VIX,30.76,0.26000000000000156,0.85
BITCOIN,19213.67,-127.43500000000131,-0.66
US 10-YR YIELD,4.127,0.12899999999999956,3.23
