Index,Level,Change,% Change
DOW,37903.2890625,87.3671875,0.23
S&P 500,5018.39013671875,-17.2998046875,-0.34
NASDAQ,15605.4814453125,-52.3388671875,-0.33
VIX,15.430000305175781,-0.2199993133544922,-1.41
BITCOIN,57256.98046875,-3379.875,-5.57
US 10-YR YIELD,4.595000267028809,-0.09099960327148438,-1.94
