Index,Level,Change,% Change
DOW,39869.37890625,-38.62109375,-0.1
S&P 500,5297.10009765625,-11.0498046875,-0.21
NASDAQ,16698.3203125,-44.0703125,-0.26
VIX,12.430000305175781,-0.01999950408935547,-0.16
BITCOIN,65130.9609375,-1136.53125,-1.72
US 10-YR YIELD,4.376999855041504,0.020999908447265625,0.48
