index,value,value_change,value_percent_change
DOW,32899.37,-98.59999999999854,-0.3
S&P 500,4123.34,-23.529999999999745,-0.57
NASDAQ,12144.662,-173.02900000000045,-1.4
VIX,30.19,-1.009999999999998,-3.24
BITCOIN,36096.758,-454.01199999999517,-1.24
US 10-YR YIELD,3.123,0.057000000000000384,1.86
