Index,Level,Change,% Change
DOW,38834.859375,56.7578125,0.15
S&P 500,5487.02978515625,13.7998046875,0.25
NASDAQ,17862.232421875,5.212890625,0.03
VIX,12.319999694824219,-0.43000030517578125,-3.37
BITCOIN,64499.0859375,-1991.2109375,-2.99
US 10-YR YIELD,4.2170000076293945,-0.06199979782104492,-1.45
