Index,Level,Change,% Change
DOW,33407.578125,288.0078125,0.87
S&P 500,4308.5,50.31005859375,1.18
NASDAQ,13431.3408203125,211.5107421875,1.6
VIX,17.389999389648438,-1.1000003814697266,-5.95
BITCOIN,27970.736328125,554.82421875,2.02
US 10-YR YIELD,4.783999919891357,0.06699991226196289,1.42
