Index,Level,Change,% Change
DOW,32816.921875,-336.98828125,-1.02
S&P 500,3970.0400390625,-42.280029296875,-1.05
NASDAQ,11394.94140625,-195.458984375,-1.69
VIX,21.670000076293945,0.5300006866455078,2.51
BITCOIN,23201.818359375,-987.025390625,-4.08
US 10-YR YIELD,3.949000120162964,0.07000017166137695,1.8
