Index,Level,Change,% Change
DOW,34098.16015625,272.0,0.8
S&P 500,4169.47998046875,34.1298828125,0.83
NASDAQ,12226.583984375,84.34375,0.69
VIX,15.779999732971191,-1.2500009536743164,-7.34
BITCOIN,29370.1875,-103.599609375,-0.35
US 10-YR YIELD,3.452000141143799,-0.07599997520446777,-2.15
