Index,Level,Change,% Change
DOW,34663.71875,87.12890625,0.25
S&P 500,4487.4599609375,29.9697265625,0.67
NASDAQ,13917.89453125,156.3642578125,1.14
VIX,13.800000190734863,-0.039999961853027344,-0.29
BITCOIN,25087.783203125,-744.443359375,-2.88
US 10-YR YIELD,4.288000106811523,0.03000020980834961,0.7
