Index,Level,Change,% Change
DOW,34618.23828125,-288.87109375,-0.83
S&P 500,4450.31982421875,-54.7802734375,-1.22
NASDAQ,13708.3349609375,-217.71484375,-1.56
VIX,13.90999984741211,1.0900001525878906,8.5
BITCOIN,26417.607421875,-122.06640625,-0.46
US 10-YR YIELD,4.322000026702881,0.03399991989135742,0.79
