Index,Level,Change,% Change
DOW,39411.2109375,260.8828125,0.67
S&P 500,5447.8701171875,-16.75,-0.31
NASDAQ,17496.81640625,-192.54296875,-1.09
VIX,13.359999656677246,0.15999984741210938,1.21
BITCOIN,59088.08984375,-4092.70703125,-6.48
US 10-YR YIELD,4.248000144958496,-0.008999824523925781,-0.21
