Index,Level,Change,% Change
DOW,43065.21875,201.359375,0.47
S&P 500,5859.85009765625,44.8203125,0.77
NASDAQ,18502.685546875,159.74609375,0.87
VIX,19.700000762939453,-0.7599983215332031,-3.71
BITCOIN,65973.59375,3122.21875,4.97
US 10-YR YIELD,4.0980000495910645,0.02500009536743164,0.61
