Index,Level,Change,% Change
DOW,33999.04,18.720000000001164,0.06
S&P 500,4283.74,9.699999999999818,0.23
NASDAQ,12965.342,27.21900000000096,0.21
VIX,19.56,-0.33999999999999986,-1.71
BITCOIN,23384.416,42.48199999999997,0.18
US 10-YR YIELD,2.8799999,-0.013000200000000017,-0.45
