Index,Level,Change,% Change
DOW,33291.78,322.54999999999563,0.98
S&P 500,4199.12,58.349999999999454,1.41
NASDAQ,12639.266,207.73899999999958,1.67
VIX,21.78,-1.0399999999999991,-4.56
BITCOIN,21579.818,202.5020000000004,0.95
US 10-YR YIELD,3.026,-0.08000000000000007,-2.58
