Index,Level,Change,% Change
DOW,44475.94921875,-166.5703125,-0.37
S&P 500,6054.43017578125,-35.83984375,-0.59
NASDAQ,19724.703125,-135.06640625,-0.68
VIX,14.020000457763672,1.25,9.79
BITCOIN,96535.1484375,-4700.8671875,-4.64
US 10-YR YIELD,4.199000358581543,0.048000335693359375,1.16
