Index,Level,Change,% Change
DOW,38440.8984375,60.77734375,0.16
S&P 500,4947.509765625,4.69970703125,0.1
NASDAQ,15588.689453125,-8.990234375,-0.06
VIX,13.289999961853027,-0.38000011444091797,-2.78
BITCOIN,43159.7890625,501.12109375,1.17
US 10-YR YIELD,4.090000152587891,-0.07399988174438477,-1.78
