Index,Level,Change,% Change
DOW,33912.44,151.38999999999942,0.45
S&P 500,4297.14,16.99000000000069,0.4
NASDAQ,13128.053,80.86700000000019,0.62
VIX,19.92,0.39000000000000057,2.0
BITCOIN,24090.023,-206.66300000000047,-0.85
US 10-YR YIELD,2.791,-0.058000000000000274,-2.04
