Index,Level,Change,% Change
DOW,33949.41015625,205.5703125,0.61
S&P 500,4060.429931640625,44.2099609375,1.1
NASDAQ,11512.4130859375,199.052734375,1.76
VIX,18.739999771118164,-0.3400001525878906,-1.78
BITCOIN,23027.255859375,-90.603515625,-0.39
US 10-YR YIELD,3.493000030517578,0.031000137329101562,0.9
