index,value,value_change,value_percent_change
DOW,32245.7,-653.6700000000019,-1.99
S&P 500,3991.24,-132.10000000000036,-3.2
NASDAQ,11623.248,-521.4140000000007,-4.29
VIX,34.69,4.4999999999999964,14.91
BITCOIN,31551.66,-2488.136999999999,-7.31
US 10-YR YIELD,3.079,-0.04400000000000004,-1.41
