Index,Level,Change,% Change
DOW,34245.9296875,376.66015625,1.11
S&P 500,4137.2900390625,46.830078125,1.14
NASDAQ,11891.7890625,173.6689453125,1.48
VIX,20.360000610351562,-0.1700000762939453,-0.83
BITCOIN,21636.75390625,-151.44921875,-0.7
US 10-YR YIELD,3.7169997692108154,-0.02700018882751465,-0.72
