Index,Level,Change,% Change
DOW,42025.19140625,522.08984375,1.26
S&P 500,5713.64013671875,95.38037109375,1.7
NASDAQ,18013.98046875,440.6796875,2.51
VIX,16.280000686645508,-1.9499988555908203,-10.7
BITCOIN,63244.61328125,1594.93359375,2.59
US 10-YR YIELD,3.7400002479553223,0.05500030517578125,1.49
