Index,Level,Change,% Change
DOW,32764.650390625,-35.271484375,-0.11
S&P 500,4151.27978515625,36.03955078125,0.88
NASDAQ,12698.09375,213.93359375,1.71
VIX,19.010000228881836,-1.0200004577636719,-5.09
BITCOIN,26465.41796875,130.599609375,0.5
US 10-YR YIELD,3.813999891281128,0.09499979019165039,2.55
