Index,Level,Change,% Change
DOW,34408.05859375,428.73046875,1.26
S&P 500,4425.83984375,53.25,1.22
NASDAQ,13782.8203125,156.33984375,1.15
VIX,14.489999771118164,0.6099996566772461,4.39
BITCOIN,25387.013671875,262.337890625,1.04
US 10-YR YIELD,3.7279999256134033,-0.06800007820129395,-1.79
