Index,Level,Change,% Change
DOW,37580.1484375,194.1796875,0.52
S&P 500,4779.85986328125,25.22998046875,0.53
NASDAQ,15088.2109375,95.2412109375,0.64
VIX,13.109999656677246,0.07999992370605469,0.61
BITCOIN,42133.25390625,-1479.88671875,-3.39
US 10-YR YIELD,3.886000156402588,-0.014999866485595703,-0.38
