Index,Level,Change,% Change
DOW,37612.640625,67.3125,0.18
S&P 500,4776.47998046875,1.72998046875,0.04
NASDAQ,15084.72265625,10.15234375,0.07
VIX,12.579999923706055,-0.4099998474121094,-3.16
BITCOIN,43191.91796875,671.515625,1.58
US 10-YR YIELD,3.7890000343322754,-0.0969998836517334,-2.5
