Index,Level,Change,% Change
DOW,44812.1015625,-98.546875,-0.22
S&P 500,6052.31005859375,19.93017578125,0.33
NASDAQ,19423.025390625,204.85546875,1.07
VIX,13.4399995803833,-0.07000064849853516,-0.52
BITCOIN,96025.59375,-1254.1953125,-1.29
US 10-YR YIELD,4.196000099182129,0.018000125885009766,0.43
