Index,Level,Change,% Change
DOW,42454.12109375,-57.87890625,-0.14
S&P 500,5780.0498046875,-11.990234375,-0.21
NASDAQ,18282.048828125,-9.5703125,-0.05
VIX,20.940000534057617,0.07999992370605469,0.38
BITCOIN,59607.4453125,-974.65625,-1.61
US 10-YR YIELD,4.095999717712402,0.028999805450439453,0.71
