Index,Level,Change,% Change
DOW,38892.80078125,-11.23828125,-0.03
S&P 500,5202.39013671875,-1.94970703125,-0.04
NASDAQ,16253.955078125,5.435546875,0.03
VIX,15.199999809265137,-0.8300008773803711,-5.18
BITCOIN,71554.1015625,2191.546875,3.16
US 10-YR YIELD,4.424000263214111,0.04600048065185547,1.05
