Index,Level,Change,% Change
DOW,43167.609375,-53.94140625,-0.12
S&P 500,5946.35986328125,-3.55029296875,-0.06
NASDAQ,19423.5546875,-87.67578125,-0.45
VIX,16.049999237060547,-0.07000160217285156,-0.43
BITCOIN,100384.2734375,3850.2265625,3.99
US 10-YR YIELD,4.605999946594238,-0.04699993133544922,-1.01
