Index,Level,Change,% Change
DOW,39065.26171875,-605.77734375,-1.53
S&P 500,5267.83984375,-39.169921875,-0.74
NASDAQ,16736.033203125,-65.505859375,-0.39
VIX,12.829999923706055,0.5399999618530273,4.39
BITCOIN,67269.3203125,-1853.015625,-2.68
US 10-YR YIELD,4.474999904632568,0.0409998893737793,0.92
