Index,Level,Change,% Change
DOW,36184.46875,-61.03125,-0.17
S&P 500,4562.25,-32.3798828125,-0.7
NASDAQ,14149.2666015625,-155.763671875,-1.09
VIX,13.15999984741211,0.5299997329711914,4.2
BITCOIN,41840.3984375,1862.0078125,4.66
US 10-YR YIELD,4.288000106811523,0.062000274658203125,1.47
