Index,Level,Change,% Change
DOW,33546.32,-7.510000000002037,-0.02
S&P 500,3946.56,-12.230000000000018,-0.31
NASDAQ,11144.958,-38.69999999999891,-0.35
VIX,23.96,-0.14999999999999858,-0.62
BITCOIN,16716.652,46.995999999999185,0.28
US 10-YR YIELD,3.775,0.08299999999999974,2.25
