Index,Level,Change,% Change
DOW,33063.61,-643.1299999999974,-1.91
S&P 500,4137.99,-90.48999999999978,-2.14
NASDAQ,12381.573,-323.6419999999998,-2.55
VIX,23.86,3.259999999999998,15.83
BITCOIN,21148.564,-369.872000000003,-1.72
US 10-YR YIELD,3.0370002,0.04800039999999983,1.61
