Index,Level,Change,% Change
DOW,39127.80078125,15.640625,0.04
S&P 500,5477.89990234375,8.60009765625,0.16
NASDAQ,17805.15625,87.505859375,0.49
VIX,12.520000457763672,-0.31999969482421875,-2.49
BITCOIN,60724.91015625,-1079.73046875,-1.75
US 10-YR YIELD,4.315999984741211,0.07800006866455078,1.84
