Index,Level,Change,% Change
DOW,33891.01953125,-34.9921875,-0.1
S&P 500,4111.080078125,-25.39990234375,-0.61
NASDAQ,11887.4501953125,-119.5,-1.0
VIX,19.43000030517578,1.1000003814697266,6.0
BITCOIN,23002.4140625,46.748046875,0.2
US 10-YR YIELD,3.634000062942505,0.10199999809265137,2.89
