Index,Level,Change,% Change
DOW,33604.6484375,197.0703125,0.59
S&P 500,4335.66015625,27.16015625,0.63
NASDAQ,13484.2392578125,52.8994140625,0.39
VIX,17.65999984741211,0.20999908447265625,1.2
BITCOIN,27606.451171875,-328.638671875,-1.18
US 10-YR YIELD,4.796999931335449,0.013000011444091797,0.27
