Index,Level,Change,% Change
DOW,39005.48828125,235.828125,0.61
S&P 500,5175.27001953125,57.330078125,1.12
NASDAQ,16265.6357421875,246.3662109375,1.54
VIX,13.84000015258789,-1.380000114440918,-9.07
BITCOIN,71186.4765625,-937.4296875,-1.3
US 10-YR YIELD,4.154999732971191,0.05099964141845703,1.24
