Index,Level,Change,% Change
DOW,31037.68,69.86000000000058,0.23
S&P 500,3845.08,13.690000000000055,0.36
NASDAQ,11361.852,39.6150000000016,0.35
VIX,26.75,-0.7899999999999991,-2.87
BITCOIN,20293.018,95.24699999999939,0.47
US 10-YR YIELD,2.9129999,0.10399989999999981,3.7
