Index,Level,Change,% Change
DOW,33875.3984375,66.4375,0.2
S&P 500,4137.0400390625,3.52001953125,0.09
NASDAQ,12037.2041015625,-35.255859375,-0.29
VIX,16.8799991607666,0.10999870300292969,0.66
BITCOIN,27458.80859375,-132.576171875,-0.48
US 10-YR YIELD,3.515000104904175,-0.05499982833862305,-1.54
