Index,Level,Change,% Change
DOW,34302.609375,112.640625,0.33
S&P 500,3999.090087890625,15.920166015625,0.4
NASDAQ,11079.16015625,78.060546875,0.71
VIX,19.489999771118164,1.1399993896484375,6.21
BITCOIN,21245.9296875,365.130859375,1.75
US 10-YR YIELD,3.510999917984009,0.06200003623962402,1.8
