Index,Level,Change,% Change
DOW,31899.29,-137.61000000000058,-0.43
S&P 500,3961.63,-37.31999999999971,-0.93
NASDAQ,11834.111,-225.4979999999996,-1.87
VIX,23.05,-0.05999999999999872,-0.26
BITCOIN,22693.377,-447.17199999999866,-1.93
US 10-YR YIELD,2.783,-0.12700000000000022,-4.36
