Index,Level,Change,% Change
DOW,31392.79,-880.0,-2.73
S&P 500,3900.86,-116.96000000000004,-2.91
NASDAQ,11340.024,-414.20200000000114,-3.52
VIX,27.9,1.8099999999999987,6.94
BITCOIN,29167.621,-918.7790000000023,-3.05
US 10-YR YIELD,3.156,0.11199990000000026,3.68
