Index,Level,Change,% Change
DOW,35225.1796875,163.96875,0.47
S&P 500,4534.8701171875,-30.85009765625,-0.68
NASDAQ,14063.306640625,-294.712890625,-2.05
VIX,13.970000267028809,0.21000003814697266,1.53
BITCOIN,29705.68359375,-150.87890625,-0.51
US 10-YR YIELD,3.8540000915527344,0.1119999885559082,2.99
