Index,Level,Change,% Change
DOW,39110.76171875,320.33203125,0.83
S&P 500,5178.509765625,29.08984375,0.56
NASDAQ,16166.791015625,63.3408203125,0.39
VIX,13.8100004196167,-0.5199995040893555,-3.63
BITCOIN,63673.73046875,-3874.86328125,-5.74
US 10-YR YIELD,4.296999931335449,-0.043000221252441406,-0.99
