Index,Level,Change,% Change
DOW,38647.1015625,-65.109375,-0.17
S&P 500,5433.740234375,12.71044921875,0.23
NASDAQ,17667.560546875,59.12109375,0.34
VIX,11.920000076293945,-0.11999988555908203,-1.0
BITCOIN,66709.7421875,-1531.4453125,-2.24
US 10-YR YIELD,4.23799991607666,-0.057000160217285156,-1.33
