Index,Level,Change,% Change
DOW,32909.59,-154.02000000000407,-0.47
S&P 500,4128.73,-9.260000000000218,-0.22
NASDAQ,12381.301,-0.272000000000844,-0.0
VIX,24.16,0.35999999999999943,1.51
BITCOIN,21552.104,153.47099999999773,0.72
US 10-YR YIELD,3.0540001,0.016999900000000068,0.56
