Index,Level,Change,% Change
DOW,38676.3984375,-49.9296875,-0.13
S&P 500,5025.25,27.33984375,0.55
NASDAQ,15987.166015625,193.4560546875,1.22
VIX,12.84000015258789,0.05000019073486328,0.39
BITCOIN,47660.7421875,2359.17578125,5.21
US 10-YR YIELD,4.186999797821045,0.01699972152709961,0.41
