Index,Level,Change,% Change
DOW,41393.78125,297.01171875,0.72
S&P 500,5626.02001953125,30.26025390625,0.54
NASDAQ,17683.9765625,114.296875,0.65
VIX,16.56999969482422,-0.5,-2.93
BITCOIN,59858.7734375,1731.76171875,2.98
US 10-YR YIELD,3.6500000953674316,-0.029999971389770508,-0.82
