Index,Level,Change,% Change
DOW,44361.5390625,-203.53125,-0.46
S&P 500,6090.31005859375,-28.39990234375,-0.46
NASDAQ,19906.240234375,-147.439453125,-0.74
VIX,14.829999923706055,-0.1900005340576172,-1.26
BITCOIN,105470.2421875,1510.0703125,1.45
US 10-YR YIELD,4.625999927520752,-0.012000083923339844,-0.26
