Index,Level,Change,% Change
DOW,32798.3984375,-58.0625,-0.18
S&P 500,3992.010009765625,5.639892578125,0.14
NASDAQ,11576.0048828125,45.6748046875,0.4
VIX,19.1299991607666,-0.46000099182128906,-2.35
BITCOIN,22100.251953125,-329.505859375,-1.47
US 10-YR YIELD,3.9759998321533203,0.0009999275207519531,0.03
