Index,Level,Change,% Change
DOW,33852.53,3.069999999999709,0.01
S&P 500,3957.63,-6.309999999999945,-0.16
NASDAQ,10983.779,-65.71999999999935,-0.59
VIX,21.83,-0.38000000000000256,-1.71
BITCOIN,16488.895,277.08100000000013,1.71
US 10-YR YIELD,3.748,0.045000200000000046,1.22
