Index,Level,Change,% Change
DOW,35282.51953125,-348.16015625,-0.98
S&P 500,4513.39013671875,-63.33984375,-1.38
NASDAQ,13973.447265625,-310.462890625,-2.17
VIX,16.149999618530273,2.219999313354492,15.94
BITCOIN,29108.646484375,-567.0859375,-1.91
US 10-YR YIELD,4.078000068664551,0.026999950408935547,0.67
