Index,Level,Change,% Change
DOW,33414.23828125,-270.29296875,-0.8
S&P 500,4090.75,-28.830078125,-0.7
NASDAQ,12025.328125,-55.181640625,-0.46
VIX,18.389999389648438,0.6099987030029297,3.43
BITCOIN,28452.505859375,-228.03125,-0.8
US 10-YR YIELD,3.4029998779296875,-0.03600001335144043,-1.05
