Index,Level,Change,% Change
DOW,34194.06,95.95999999999913,0.28
S&P 500,4027.26,23.68000000000029,0.59
NASDAQ,11285.317,110.91099999999824,0.99
VIX,20.5,-0.7899999999999991,-3.71
BITCOIN,16547.266,337.22799999999916,2.08
US 10-YR YIELD,3.706,-0.05200009999999988,-1.38
