Index,Level,Change,% Change
DOW,33601.1484375,327.0,0.98
S&P 500,4124.509765625,15.19970703125,0.37
NASDAQ,12189.4521484375,-32.4580078125,-0.27
VIX,18.579999923706055,-0.12000083923339844,-0.64
BITCOIN,27778.884765625,-420.423828125,-1.49
US 10-YR YIELD,3.429999828338623,-0.06400012969970703,-1.83
