Index,Level,Change,% Change
DOW,42447.94921875,-258.609375,-0.61
S&P 500,5901.85009765625,-73.52978515625,-1.23
NASDAQ,19465.44140625,-399.5390625,-2.01
VIX,18.1200008392334,2.0799999237060547,12.97
BITCOIN,96193.4140625,-5884.671875,-5.76
US 10-YR YIELD,4.683000087738037,0.06500005722045898,1.41
