Index,Level,Change,% Change
DOW,35273.03125,184.7421875,0.53
S&P 500,4556.6201171875,18.43017578125,0.41
NASDAQ,14265.8603515625,65.8798828125,0.46
VIX,12.800000190734863,-0.05000019073486328,-0.39
BITCOIN,37349.90234375,-82.4375,-0.22
US 10-YR YIELD,4.415999889373779,-0.0020003318786621094,-0.05
