Index,Level,Change,% Change
DOW,42592.5703125,64.2109375,0.15
S&P 500,5913.85986328125,4.830078125,0.08
NASDAQ,19471.28125,-18.3984375,-0.09
VIX,17.6200008392334,-0.1999988555908203,-1.12
BITCOIN,94022.2109375,-2900.4921875,-2.99
US 10-YR YIELD,4.692999839782715,0.009999752044677734,0.21
