Index,Level,Change,% Change
DOW,43988.69140625,500.86328125,1.15
S&P 500,6048.14990234375,51.48974609375,0.86
NASDAQ,19771.154296875,140.955078125,0.72
VIX,15.0600004196167,-0.9099998474121094,-5.7
BITCOIN,107090.9140625,5074.25,4.97
US 10-YR YIELD,4.574000358581543,-0.034999847412109375,-0.76
