Index,Level,Change,% Change
DOW,33674.37890625,546.640625,1.65
S&P 500,4136.25,75.030029296875,1.85
NASDAQ,12235.4130859375,269.0126953125,2.25
VIX,17.209999084472656,-2.8800010681152344,-14.34
BITCOIN,29504.626953125,656.916015625,2.28
US 10-YR YIELD,3.44599986076355,0.09499979019165039,2.83
