Index,Level,Change,% Change
DOW,41563.078125,228.02734375,0.55
S&P 500,5648.39990234375,56.43994140625,1.01
NASDAQ,17713.625,197.1953125,1.13
VIX,14.989999771118164,-0.6599998474121094,-4.22
BITCOIN,58819.76953125,-568.41015625,-0.96
US 10-YR YIELD,3.9110000133514404,0.04399991035461426,1.14
