Index,Level,Change,% Change
DOW,38627.98828125,-145.1328125,-0.37
S&P 500,5005.56982421875,-24.16015625,-0.48
NASDAQ,15775.650390625,-130.51953125,-0.82
VIX,14.710000038146973,0.4700002670288086,3.3
BITCOIN,51772.859375,-349.6875,-0.67
US 10-YR YIELD,4.295000076293945,0.05500030517578125,1.3
