Index,Level,Change,% Change
DOW,43787.08984375,57.16015625,0.13
S&P 500,5980.31982421875,51.27978515625,0.86
NASDAQ,19286.998046875,303.52734375,1.6
VIX,15.369999885559082,-0.9000005722045898,-5.53
BITCOIN,76595.703125,956.625,1.26
US 10-YR YIELD,4.341000080108643,-0.08500003814697266,-1.92
