Index,Level,Change,% Change
DOW,38769.66015625,46.96875,0.12
S&P 500,5117.93994140625,-5.75,-0.11
NASDAQ,16019.2744140625,-65.8359375,-0.41
VIX,15.1899995803833,0.4499998092651367,3.05
BITCOIN,72168.4765625,3148.6875,4.56
US 10-YR YIELD,4.104000091552734,0.014999866485595703,0.37
