Index,Level,Change,% Change
DOW,34245.96875,354.02734375,1.04
S&P 500,4410.5400390625,63.18994140625,1.45
NASDAQ,13786.1728515625,264.72265625,1.96
VIX,14.350000381469727,-0.9399995803833008,-6.15
BITCOIN,37127.13671875,434.01171875,1.18
US 10-YR YIELD,4.627999782562256,-0.0020003318786621094,-0.04
