Index,Level,Change,% Change
DOW,38675.6796875,450.01953125,1.18
S&P 500,5127.7900390625,63.58984375,1.26
NASDAQ,16156.328125,315.3681640625,1.99
VIX,13.489999771118164,-1.1900005340576172,-8.11
BITCOIN,62587.6328125,3464.19921875,5.86
US 10-YR YIELD,4.5,-0.0710000991821289,-1.55
