Index,Level,Change,% Change
DOW,40842.7890625,99.4609375,0.24
S&P 500,5522.2998046875,85.85986328125,1.58
NASDAQ,17599.400390625,451.98046875,2.64
VIX,16.260000228881836,-1.4300003051757812,-8.08
BITCOIN,64801.0078125,-1400.0078125,-2.11
US 10-YR YIELD,4.109000205993652,-0.03399991989135742,-0.82
