Index,Level,Change,% Change
DOW,42740.421875,-324.796875,-0.75
S&P 500,5815.259765625,-44.59033203125,-0.76
NASDAQ,18315.5859375,-187.103515625,-1.01
VIX,20.639999389648438,0.9399986267089844,4.77
BITCOIN,66789.0625,742.9375,1.12
US 10-YR YIELD,4.038000106811523,-0.059999942779541016,-1.46
