Index,Level,Change,% Change
DOW,34069.921875,8.6015625,0.03
S&P 500,4359.81982421875,1.47998046875,0.03
NASDAQ,13497.234375,18.9541015625,0.14
VIX,15.140000343322754,0.23000049591064453,1.54
BITCOIN,34980.87109375,-68.484375,-0.2
US 10-YR YIELD,4.661999702453613,0.10399961471557617,2.28
