Index,Level,Change,% Change
DOW,44620.421875,196.171875,0.44
S&P 500,5995.8701171875,-105.3701171875,-1.73
NASDAQ,19275.748046875,-678.552734375,-3.4
VIX,18.309999465942383,3.4599990844726562,23.3
BITCOIN,100195.828125,-2486.671875,-2.42
US 10-YR YIELD,4.5279998779296875,-0.09800004959106445,-2.12
