Index,Level,Change,% Change
DOW,33944.3984375,209.51953125,0.62
S&P 500,4409.52978515625,10.57958984375,0.24
NASDAQ,13685.4814453125,24.76171875,0.18
VIX,15.069999694824219,0.23999977111816406,1.62
BITCOIN,30867.8984375,696.6640625,2.31
US 10-YR YIELD,4.00600004196167,-0.04400014877319336,-1.09
