Index,Level,Change,% Change
DOW,32969.23,59.640000000006694,0.18
S&P 500,4140.77,12.040000000000873,0.29
NASDAQ,12431.527,50.22600000000057,0.41
VIX,22.82,-1.2899999999999991,-5.35
BITCOIN,21731.453,218.46700000000055,1.02
US 10-YR YIELD,3.106,0.051999899999999766,1.7
