Index,Level,Change,% Change
DOW,44910.6484375,188.58984375,0.42
S&P 500,6032.3798828125,33.6396484375,0.56
NASDAQ,19218.166015625,157.685546875,0.83
VIX,13.510000228881836,-0.5900001525878906,-4.18
BITCOIN,97533.21875,1880.75,1.97
US 10-YR YIELD,4.177999973297119,-0.06400012969970703,-1.51
