Index,Level,Change,% Change
DOW,42141.0390625,346.4375,0.83
S&P 500,5772.06982421875,59.3798828125,1.04
NASDAQ,18417.486328125,237.505859375,1.31
VIX,20.770000457763672,-1.2099990844726562,-5.51
BITCOIN,69394.140625,1582.6328125,2.33
US 10-YR YIELD,4.289000034332275,-0.019999980926513672,-0.46
