Index,Level,Change,% Change
DOW,33300.62109375,-8.890625,-0.03
S&P 500,4124.080078125,-6.5400390625,-0.16
NASDAQ,12284.7431640625,-43.7666015625,-0.36
VIX,17.030000686645508,0.10000038146972656,0.59
BITCOIN,26441.328125,-559.4609375,-2.07
US 10-YR YIELD,3.4630000591278076,0.06599998474121094,1.94
