Index,Level,Change,% Change
DOW,33886.46875,-143.22265625,-0.42
S&P 500,4137.64013671875,-8.580078125,-0.21
NASDAQ,12123.4658203125,-42.8037109375,-0.35
VIX,17.09000015258789,-0.7099990844726562,-3.99
BITCOIN,30337.21875,-61.84765625,-0.2
US 10-YR YIELD,3.5220000743865967,0.07000017166137695,2.03
