Index,Level,Change,% Change
DOW,33618.69140625,-55.6875,-0.17
S&P 500,4138.1201171875,1.8701171875,0.05
NASDAQ,12256.91796875,21.5078125,0.18
VIX,16.969999313354492,-0.220001220703125,-1.28
BITCOIN,27489.90234375,-965.076171875,-3.39
US 10-YR YIELD,3.5209999084472656,0.07499980926513672,2.18
