Index,Level,Change,% Change
DOW,32654.59,431.1700000000019,1.34
S&P 500,4088.85,80.83999999999969,2.02
NASDAQ,11984.522,321.7310000000016,2.76
VIX,26.11,-1.3599999999999994,-4.95
BITCOIN,30150.715,305.96099999999933,1.03
US 10-YR YIELD,2.968,0.09100000000000019,3.16
