Index,Level,Change,% Change
DOW,34559.98046875,213.08203125,0.62
S&P 500,4433.31005859375,27.60009765625,0.63
NASDAQ,13705.130859375,114.48046875,0.84
VIX,15.100000381469727,-0.5799999237060547,-3.7
BITCOIN,25994.005859375,-95.6875,-0.37
US 10-YR YIELD,4.211999893188477,-0.026999950408935547,-0.64
