Index,Level,Change,% Change
DOW,40896.53125,236.76953125,0.58
S&P 500,5608.25,54.0,0.97
NASDAQ,17876.771484375,245.05078125,1.39
VIX,14.670000076293945,-0.13000011444091797,-0.88
BITCOIN,59093.65625,609.69140625,1.04
US 10-YR YIELD,3.866999864578247,-0.02500009536743164,-0.64
