Index,Level,Change,% Change
DOW,33301.87109375,-228.95703125,-0.68
S&P 500,4055.989990234375,-15.639892578125,-0.38
NASDAQ,11854.3505859375,55.1904296875,0.47
VIX,19.040000915527344,0.2800006866455078,1.49
BITCOIN,27768.19140625,-539.40625,-1.91
US 10-YR YIELD,3.431999921798706,0.03600001335144043,1.06
