Index,Level,Change,% Change
DOW,33665.078125,-332.5703125,-0.98
S&P 500,4314.60009765625,-58.60009765625,-1.34
NASDAQ,13314.302734375,-219.447265625,-1.62
VIX,19.3799991607666,1.5,8.39
BITCOIN,28287.849609375,-127.8984375,-0.45
US 10-YR YIELD,4.904000282287598,0.057000160217285156,1.18
