Index,Level,Change,% Change
DOW,35176.1484375,52.7890625,0.15
S&P 500,4468.830078125,1.1201171875,0.03
NASDAQ,13737.9853515625,15.9658203125,0.12
VIX,15.890000343322754,-0.06999969482421875,-0.44
BITCOIN,29442.5078125,-118.986328125,-0.4
US 10-YR YIELD,4.079999923706055,0.06799983978271484,1.69
