Index,Level,Change,% Change
DOW,39765.640625,408.62890625,1.04
S&P 500,5434.43017578125,90.0400390625,1.68
NASDAQ,17187.607421875,406.998046875,2.43
VIX,18.09000015258789,-2.6199989318847656,-12.65
BITCOIN,60611.16796875,1256.65234375,2.12
US 10-YR YIELD,3.8519999980926514,-0.056999921798706055,-1.46
