Index,Level,Change,% Change
DOW,32915.78,16.080000000001746,0.05
S&P 500,4121.43,12.890000000000327,0.31
NASDAQ,12061.37,48.63600000000042,0.4
VIX,25.02,0.23000000000000043,0.93
BITCOIN,31412.469,1518.2810000000027,5.08
US 10-YR YIELD,3.0379999,0.08099990000000012,2.74
