Index,Level,Change,% Change
DOW,33629.55859375,254.0703125,0.76
S&P 500,4019.81005859375,47.199951171875,1.19
NASDAQ,11364.4140625,223.984375,2.01
VIX,19.799999237060547,-0.05000114440917969,-0.25
BITCOIN,22969.359375,248.943359375,1.1
US 10-YR YIELD,3.5250000953674316,0.0410001277923584,1.18
