Index,Level,Change,% Change
DOW,40345.41015625,-410.33984375,-1.01
S&P 500,5408.419921875,-94.990234375,-1.73
NASDAQ,16690.83203125,-436.828125,-2.55
VIX,22.34000015258789,2.440000534057617,12.26
BITCOIN,53443.08984375,-2717.3984375,-4.84
US 10-YR YIELD,3.7099997997283936,-0.021000146865844727,-0.56
