Index,Level,Change,% Change
DOW,33897.01171875,-79.6171875,-0.23
S&P 500,4154.52001953125,-0.35009765625,-0.01
NASDAQ,12157.2265625,3.81640625,0.03
VIX,16.43000030517578,-0.39999961853027344,-2.38
BITCOIN,29217.4765625,-1180.076171875,-3.88
US 10-YR YIELD,3.6019999980926514,0.029999971389770508,0.84
