Index,Level,Change,% Change
DOW,30677.36,194.22999999999956,0.64
S&P 500,3795.73,35.840000000000146,0.95
NASDAQ,11232.192,179.11199999999917,1.62
VIX,29.03,0.08000000000000185,0.28
BITCOIN,20970.229,1020.112000000001,5.11
US 10-YR YIELD,3.068,-0.08800000000000008,-2.79
