Index,Level,Change,% Change
DOW,39150.328125,15.56640625,0.04
S&P 500,5464.6201171875,-8.5498046875,-0.16
NASDAQ,17689.361328125,-32.228515625,-0.18
VIX,13.210000038146973,-0.06999969482421875,-0.53
BITCOIN,64301.625,-527.03125,-0.81
US 10-YR YIELD,4.256999969482422,0.0029997825622558594,0.07
