Index,Level,Change,% Change
DOW,44844.19921875,130.62109375,0.29
S&P 500,6071.6298828125,59.35009765625,0.99
NASDAQ,19745.515625,403.685546875,2.09
VIX,16.530000686645508,-1.3699989318847656,-7.65
BITCOIN,102042.421875,-640.078125,-0.62
US 10-YR YIELD,4.550999641418457,0.02299976348876953,0.51
