Index,Level,Change,% Change
DOW,39753.75,32.390625,0.08
S&P 500,5584.5400390625,-49.3701171875,-0.88
NASDAQ,18283.40625,-364.04296875,-1.95
VIX,12.920000076293945,0.06999969482421875,0.54
BITCOIN,57315.16796875,-427.328125,-0.74
US 10-YR YIELD,4.192999839782715,-0.08700037002563477,-2.03
