Index,Level,Change,% Change
DOW,39134.76171875,299.90234375,0.77
S&P 500,5473.169921875,-13.85986328125,-0.25
NASDAQ,17721.587890625,-140.642578125,-0.79
VIX,13.279999732971191,0.9799995422363281,7.97
BITCOIN,65050.0,89.703125,0.14
US 10-YR YIELD,4.254000186920166,0.037000179290771484,0.88
