Index,Level,Change,% Change
DOW,33119.5703125,-9.98046875,-0.03
S&P 500,4258.18994140625,-5.56005859375,-0.13
NASDAQ,13219.833984375,-16.17578125,-0.12
VIX,18.459999084472656,-0.12000083923339844,-0.65
BITCOIN,27475.556640625,-323.837890625,-1.16
US 10-YR YIELD,4.7170000076293945,-0.018000125885009766,-0.38
