Index,Level,Change,% Change
DOW,33963.83984375,-106.58203125,-0.31
S&P 500,4320.06005859375,-9.93994140625,-0.23
NASDAQ,13211.806640625,-12.173828125,-0.09
VIX,17.219999313354492,-0.32000160217285156,-1.82
BITCOIN,26553.33984375,-657.77734375,-2.42
US 10-YR YIELD,4.438000202178955,-0.04199981689453125,-0.94
