Index,Level,Change,% Change
DOW,33926.73828125,212.02734375,0.63
S&P 500,4378.41015625,49.59033203125,1.15
NASDAQ,13555.6728515625,219.892578125,1.65
VIX,13.760000228881836,-0.48999977111816406,-3.44
BITCOIN,30662.04296875,181.78125,0.6
US 10-YR YIELD,3.7680001258850098,0.04900002479553223,1.32
