Index,Level,Change,% Change
DOW,33852.66015625,-74.078125,-0.22
S&P 500,4376.85986328125,-1.55029296875,-0.04
NASDAQ,13591.75,36.080078125,0.27
VIX,13.4399995803833,-0.3000001907348633,-2.18
BITCOIN,30064.494140625,-623.669921875,-2.03
US 10-YR YIELD,3.7099997997283936,-0.05800008773803711,-1.54
