Index,Level,Change,% Change
DOW,33715.37,1201.430000000004,3.7
S&P 500,3956.37,207.79999999999973,5.54
NASDAQ,11114.146,760.9710000000014,7.35
VIX,23.5,-2.59,-9.93
BITCOIN,17937.094,2060.0370000000003,12.97
US 10-YR YIELD,3.829,-0.3219999999999996,-7.76
