Index,Level,Change,% Change
DOW,39512.83984375,125.078125,0.32
S&P 500,5222.68017578125,8.60009765625,0.16
NASDAQ,16340.8681640625,-5.3916015625,-0.03
VIX,12.550000190734863,-0.1399993896484375,-1.1
BITCOIN,60746.671875,-2303.2890625,-3.65
US 10-YR YIELD,4.504000186920166,0.05500030517578125,1.24
