Index,Level,Change,% Change
DOW,32908.26953125,-134.51171875,-0.41
S&P 500,4179.830078125,-25.68994140625,-0.61
NASDAQ,12935.28515625,-82.14453125,-0.63
VIX,17.709999084472656,0.25,1.43
BITCOIN,27056.357421875,-645.9921875,-2.33
US 10-YR YIELD,3.6369998455047607,-0.06300020217895508,-1.7
