Index,Level,Change,% Change
DOW,31338.15,-46.39999999999782,-0.15
S&P 500,3899.38,-3.2399999999997817,-0.08
NASDAQ,11635.308,13.962000000001353,0.12
VIX,24.64,-1.4399999999999977,-5.52
BITCOIN,21854.512,219.70899999999892,1.02
US 10-YR YIELD,3.101,0.09299999999999997,3.09
