Index,Level,Change,% Change
DOW,37798.96875,63.859375,0.17
S&P 500,5051.41015625,-10.40966796875,-0.21
NASDAQ,15865.2509765625,-19.7685546875,-0.12
VIX,18.3700008392334,-0.8599987030029297,-4.47
BITCOIN,62778.87109375,-647.33984375,-1.02
US 10-YR YIELD,4.658999919891357,0.031000137329101562,0.67
