Index,Level,Change,% Change
DOW,42693.8515625,-38.27734375,-0.09
S&P 500,5973.5,31.02978515625,0.52
NASDAQ,19847.478515625,225.798828125,1.15
VIX,16.3700008392334,0.24000167846679688,1.49
BITCOIN,102328.90625,4013.9453125,4.08
US 10-YR YIELD,4.618000030517578,0.021999835968017578,0.48
