Index,Level,Change,% Change
DOW,33550.26953125,-68.609375,-0.2
S&P 500,4274.509765625,0.97998046875,0.02
NASDAQ,13092.8486328125,29.23828125,0.22
VIX,18.239999771118164,-0.7000007629394531,-3.7
BITCOIN,26237.896484375,20.646484375,0.08
US 10-YR YIELD,4.625999927520752,0.06799983978271484,1.49
