Index,Level,Change,% Change
DOW,40665.01953125,-533.05859375,-1.29
S&P 500,5544.58984375,-43.68017578125,-0.78
NASDAQ,17871.22265625,-125.697265625,-0.7
VIX,15.920000076293945,1.4400005340576172,9.94
BITCOIN,63565.66796875,-553.125,-0.86
US 10-YR YIELD,4.189000129699707,0.043000221252441406,1.04
