Index,Level,Change,% Change
DOW,37467.078125,-247.9609375,-0.66
S&P 500,4710.080078125,-32.75,-0.69
NASDAQ,14607.501953125,-158.4384765625,-1.07
VIX,13.710000038146973,0.5100002288818359,3.86
BITCOIN,42760.8515625,-2197.1171875,-4.89
US 10-YR YIELD,3.9070000648498535,-0.03900003433227539,-0.99
