Index,Level,Change,% Change
DOW,33045.08984375,-84.5,-0.26
S&P 500,3991.050048828125,-6.2900390625,-0.16
NASDAQ,11507.0703125,14.7705078125,0.13
VIX,22.299999237060547,-0.5700016021728516,-2.49
BITCOIN,23821.68359375,-1007.46484375,-4.06
US 10-YR YIELD,3.922999858856201,-0.032000064849853516,-0.81
