Index,Level,Change,% Change
DOW,33762.76171875,701.19140625,2.12
S&P 500,4282.3701171875,61.35009765625,1.45
NASDAQ,13240.765625,139.78515625,1.07
VIX,14.5600004196167,-1.0899991989135742,-6.96
BITCOIN,27223.08203125,403.109375,1.5
US 10-YR YIELD,3.690999984741211,0.08299994468688965,2.3
