Index,Level,Change,% Change
DOW,33476.46,-305.0200000000041,-0.9
S&P 500,3934.38,-29.13000000000011,-0.73
NASDAQ,11004.617,-77.38600000000042,-0.7
VIX,22.82,0.5300000000000011,2.38
BITCOIN,17118.275,-116.77999999999884,-0.68
US 10-YR YIELD,3.567,0.07600000000000007,2.18
