Index,Level,Change,% Change
DOW,34474.828125,-290.91015625,-0.84
S&P 500,4370.35986328125,-33.97021484375,-0.77
NASDAQ,13316.931640625,-157.6982421875,-1.17
VIX,17.93000030517578,1.1499996185302734,6.85
BITCOIN,27805.177734375,-896.6015625,-3.12
US 10-YR YIELD,4.308000087738037,0.05000019073486328,1.17
