Index,Level,Change,% Change
DOW,31104.97,-1276.369999999999,-3.94
S&P 500,3932.69,-177.7199999999998,-4.32
NASDAQ,11633.574,-632.8359999999993,-5.16
VIX,27.27,3.3999999999999986,14.24
BITCOIN,20319.213,-2039.5190000000002,-9.12
US 10-YR YIELD,3.4220002,0.060000199999999726,1.78
