Index,Level,Change,% Change
DOW,33485.2890625,2.5703125,0.01
S&P 500,4105.02001953125,14.64013671875,0.36
NASDAQ,12087.9599609375,91.099609375,0.76
VIX,18.399999618530273,-0.6800003051757812,-3.56
BITCOIN,27919.556640625,-124.583984375,-0.44
US 10-YR YIELD,3.2880001068115234,0.0010001659393310547,0.03
