Index,Level,Change,% Change
DOW,42931.6015625,-344.30859375,-0.8
S&P 500,5853.97998046875,-10.68994140625,-0.18
NASDAQ,18540.005859375,50.455078125,0.27
VIX,18.3700008392334,0.3400001525878906,1.89
BITCOIN,67653.234375,-1348.46875,-1.95
US 10-YR YIELD,4.182000160217285,0.10900020599365234,2.68
