Index,Level,Change,% Change
DOW,42063.359375,38.16796875,0.09
S&P 500,5702.5498046875,-11.09033203125,-0.19
NASDAQ,17948.3203125,-65.66015625,-0.36
VIX,16.149999618530273,-0.18000030517578125,-1.1
BITCOIN,62826.59375,-113.86328125,-0.18
US 10-YR YIELD,3.7279999256134033,-0.012000083923339844,-0.32
