Index,Level,Change,% Change
DOW,32832.54,29.06999999999971,0.09
S&P 500,4140.06,-5.1299999999992,-0.12
NASDAQ,12644.459,-13.095999999999549,-0.1
VIX,21.29,0.14000000000000057,0.66
BITCOIN,23956.338,779.7910000000011,3.36
US 10-YR YIELD,2.7649999,-0.07500010000000001,-2.64
