Index,Level,Change,% Change
DOW,31774.52,193.2400000000016,0.61
S&P 500,4006.18,26.309999999999945,0.66
NASDAQ,11862.129,70.23000000000138,0.6
VIX,23.61,-1.0300000000000011,-4.18
BITCOIN,19372.27,62.788000000000466,0.33
US 10-YR YIELD,3.2919998,0.026999800000000018,0.83
