Index,Level,Change,% Change
DOW,37390.87890625,-13.47265625,-0.04
S&P 500,4754.47998046875,7.72998046875,0.16
NASDAQ,14993.8828125,30.0126953125,0.2
VIX,13.279999732971191,-0.36999988555908203,-2.71
BITCOIN,43743.8671875,-125.28515625,-0.29
US 10-YR YIELD,3.9009997844696045,0.0069997310638427734,0.18
