Index,Level,Change,% Change
DOW,35123.359375,-191.12890625,-0.54
S&P 500,4467.7099609375,-31.669921875,-0.7
NASDAQ,13722.015625,-162.3046875,-1.17
VIX,15.949999809265137,-0.039999961853027344,-0.25
BITCOIN,29416.822265625,-348.669921875,-1.17
US 10-YR YIELD,4.01200008392334,-0.01399993896484375,-0.35
