Index,Level,Change,% Change
DOW,41198.078125,243.59765625,0.59
S&P 500,5588.27001953125,-78.93017578125,-1.39
NASDAQ,17996.923828125,-512.416015625,-2.77
VIX,14.489999771118164,1.3000001907348633,9.86
BITCOIN,64617.4765625,-479.671875,-0.74
US 10-YR YIELD,4.145999908447266,-0.020999908447265625,-0.5
