Index,Level,Change,% Change
DOW,44277.421875,288.43359375,0.66
S&P 500,5998.1298828125,2.58984375,0.04
NASDAQ,19277.29296875,-9.486328125,-0.05
VIX,14.960000038146973,0.020000457763671875,0.13
BITCOIN,87013.6875,6539.5,8.13
US 10-YR YIELD,4.308000087738037,0.0019998550415039062,0.05
