Index,Level,Change,% Change
DOW,40712.78125,0.0,0.0
S&P 500,5634.60986328125,63.9697265625,1.15
NASDAQ,17877.79296875,258.443359375,1.47
VIX,15.789999961853027,-1.7599992752075195,-10.03
BITCOIN,63688.60546875,3306.69140625,5.48
US 10-YR YIELD,3.806999921798706,-0.05500006675720215,-1.42
