Index,Level,Change,% Change
DOW,38807.328125,96.0390625,0.25
S&P 500,5354.02978515625,62.68994140625,1.18
NASDAQ,17187.904296875,330.853515625,1.96
VIX,12.600000381469727,-0.5599994659423828,-4.26
BITCOIN,71324.8203125,757.0546875,1.07
US 10-YR YIELD,4.289000034332275,-0.04699993133544922,-1.08
