Index,Level,Change,% Change
DOW,34517.73046875,-106.5703125,-0.31
S&P 500,4443.9501953125,-9.57958984375,-0.22
NASDAQ,13678.185546875,-32.0546875,-0.23
VIX,14.130000114440918,0.13000011444091797,0.93
BITCOIN,27174.806640625,640.619140625,2.41
US 10-YR YIELD,4.365000247955322,0.04600048065185547,1.07
