Index,Level,Change,% Change
DOW,39282.328125,-31.3125,-0.08
S&P 500,5203.580078125,-14.60986328125,-0.28
NASDAQ,16315.6982421875,-68.7724609375,-0.42
VIX,13.239999771118164,0.05000019073486328,0.38
BITCOIN,69710.390625,-248.421875,-0.36
US 10-YR YIELD,4.234000205993652,-0.018999576568603516,-0.45
