Index,Level,Change,% Change
DOW,33212.96,575.7700000000004,1.76
S&P 500,4158.24,100.39999999999964,2.47
NASDAQ,12131.131,390.48099999999977,3.33
VIX,25.72,-1.7800000000000011,-6.47
BITCOIN,28908.139,-374.5740000000005,-1.28
US 10-YR YIELD,2.743,-0.0129999999999999,-0.47
