Index,Level,Change,% Change
DOW,34429.88,34.86999999999534,0.1
S&P 500,4071.7,-4.870000000000346,-0.12
NASDAQ,11463.779,-4.216999999998734,-0.04
VIX,19.06,-0.7800000000000011,-3.93
BITCOIN,17035.041,60.76800000000003,0.36
US 10-YR YIELD,3.506,-0.02300000000000013,-0.65
