Index,Level,Change,% Change
DOW,30961.82,-173.27000000000044,-0.56
S&P 500,3901.35,-44.66000000000031,-1.13
NASDAQ,11552.357,-167.3209999999999,-1.43
VIX,26.27,0.10999999999999943,0.42
BITCOIN,19825.635,-426.6650000000009,-2.11
US 10-YR YIELD,3.459,0.04700000000000015,1.38
