Index,Level,Change,% Change
DOW,38239.66015625,153.859375,0.4
S&P 500,5099.9599609375,51.5400390625,1.02
NASDAQ,15927.900390625,316.140625,2.03
VIX,15.0,-0.36999988555908203,-2.41
BITCOIN,64040.0234375,-441.68359375,-0.68
US 10-YR YIELD,4.668999671936035,-0.037000179290771484,-0.79
