Index,Level,Change,% Change
DOW,30333.59,-90.22000000000116,-0.3
S&P 500,3665.78,-29.379999999999654,-0.8
NASDAQ,10614.844,-65.66400000000067,-0.61
VIX,29.98,-0.7800000000000011,-2.54
BITCOIN,18994.07,-141.71099999999933,-0.74
US 10-YR YIELD,4.226,0.0990000000000002,2.4
