Index,Level,Change,% Change
DOW,35264.16015625,175.87109375,0.5
S&P 500,4555.39990234375,17.2099609375,0.38
NASDAQ,14266.0556640625,66.0751953125,0.47
VIX,13.029999732971191,-0.32000064849853516,-2.4
BITCOIN,37326.79296875,1512.98046875,4.22
US 10-YR YIELD,4.415999889373779,-0.0020003318786621094,-0.05
