Index,Level,Change,% Change
DOW,32033.28,194.16999999999825,0.61
S&P 500,3807.3,-23.299999999999727,-0.61
NASDAQ,10792.675,-178.31700000000092,-1.63
VIX,27.39,0.10999999999999943,0.4
BITCOIN,20318.225,-457.6650000000009,-2.2
US 10-YR YIELD,3.9369998,-0.07800049999999947,-1.94
