Index,Level,Change,% Change
DOW,33733.9609375,104.40234375,0.31
S&P 500,4016.949951171875,-2.860107421875,-0.07
NASDAQ,11334.271484375,-30.138671875,-0.27
VIX,19.139999389648438,-0.6700000762939453,-3.38
BITCOIN,23015.5390625,81.107421875,0.35
US 10-YR YIELD,3.4689998626708984,-0.0560002326965332,-1.59
