Index,Level,Change,% Change
DOW,29927.07,-741.4599999999991,-2.42
S&P 500,3666.77,-123.2199999999998,-3.25
NASDAQ,10646.099,-453.0550000000003,-4.08
VIX,33.05,3.429999999999996,11.58
BITCOIN,20962.775,-1670.0529999999999,-7.38
US 10-YR YIELD,3.307,-0.08800000000000008,-2.59
