Index,Level,Change,% Change
DOW,39760.078125,477.75,1.22
S&P 500,5248.490234375,44.91015625,0.86
NASDAQ,16399.521484375,83.8212890625,0.51
VIX,12.760000228881836,-0.4799995422363281,-3.63
BITCOIN,68913.4140625,-1074.421875,-1.54
US 10-YR YIELD,4.196000099182129,-0.03800010681152344,-0.9
