Index,Level,Change,% Change
DOW,34152.33984375,56.48046875,0.17
S&P 500,4381.5400390625,15.56005859375,0.36
NASDAQ,13659.1240234375,140.34375,1.04
VIX,14.930000305175781,0.039999961853027344,0.27
BITCOIN,35413.41015625,376.0390625,1.07
US 10-YR YIELD,4.571000099182129,-0.09100008010864258,-1.95
