Index,Level,Change,% Change
DOW,34641.96875,-195.7421875,-0.56
S&P 500,4496.830078125,-18.93994140625,-0.42
NASDAQ,14020.9521484375,-10.857421875,-0.08
VIX,13.979999542236328,0.8899993896484375,6.8
BITCOIN,25697.552734375,-114.86328125,-0.44
US 10-YR YIELD,4.26800012588501,0.0950002670288086,2.28
