Index,Level,Change,% Change
DOW,34053.87109375,-245.25,-0.72
S&P 500,4388.7099609375,-20.8798828125,-0.47
NASDAQ,13667.2939453125,-22.2763671875,-0.16
VIX,13.899999618530273,0.3599996566772461,2.66
BITCOIN,27973.44140625,1122.412109375,4.18
US 10-YR YIELD,3.7290000915527344,-0.039999961853027344,-1.06
