Index,Level,Change,% Change
DOW,34156.69140625,265.671875,0.78
S&P 500,4164.0,52.919921875,1.29
NASDAQ,12113.7861328125,226.3359375,1.9
VIX,18.6299991607666,-0.8000011444091797,-4.12
BITCOIN,23213.306640625,453.197265625,1.99
US 10-YR YIELD,3.6740002632141113,0.040000200271606445,1.1
