Index,Level,Change,% Change
DOW,40211.71875,210.8203125,0.53
S&P 500,5631.22021484375,15.8701171875,0.28
NASDAQ,18472.56640625,74.1171875,0.4
VIX,13.130000114440918,0.6700000762939453,5.38
BITCOIN,63572.83203125,2785.0390625,4.58
US 10-YR YIELD,4.229000091552734,0.039999961853027344,0.95
