Index,Level,Change,% Change
DOW,33949.01171875,-207.6796875,-0.61
S&P 500,4117.85986328125,-46.14013671875,-1.11
NASDAQ,11910.5205078125,-203.26953125,-1.68
VIX,19.600000381469727,0.9400005340576172,5.04
BITCOIN,22907.8359375,-356.455078125,-1.53
US 10-YR YIELD,3.6529998779296875,-0.021000146865844727,-0.57
