Index,Level,Change,% Change
DOW,33309.51,535.0999999999985,1.63
S&P 500,4210.24,87.76999999999953,2.13
NASDAQ,12854.805,360.875,2.89
VIX,19.65,-2.120000000000001,-9.74
BITCOIN,23677.076,550.6540000000023,2.38
US 10-YR YIELD,2.786,-0.01100000000000012,-0.39
