Index,Level,Change,% Change
DOW,38778.1015625,188.94140625,0.49
S&P 500,5473.22998046875,41.6298828125,0.77
NASDAQ,17857.01953125,168.138671875,0.95
VIX,12.75,0.09000015258789062,0.71
BITCOIN,66481.6875,-157.359375,-0.24
US 10-YR YIELD,4.279000282287598,0.06600046157836914,1.57
