Index,Level,Change,% Change
DOW,38461.51171875,-422.16015625,-1.09
S&P 500,5160.64013671875,-49.27001953125,-0.95
NASDAQ,16170.3603515625,-136.279296875,-0.84
VIX,15.850000381469727,0.8700008392333984,5.81
BITCOIN,70117.546875,978.53125,1.42
US 10-YR YIELD,4.559999942779541,0.18200016021728516,4.16
