Index,Level,Change,% Change
DOW,34395.140625,47.7109375,0.14
S&P 500,4510.0400390625,37.8798828125,0.85
NASDAQ,14138.5703125,219.6103515625,1.58
VIX,13.579999923706055,0.039999961853027344,0.3
BITCOIN,31573.83984375,1182.193359375,3.89
US 10-YR YIELD,3.761000156402588,-0.09999990463256836,-2.59
