Index,Level,Change,% Change
DOW,32990.12,-222.8399999999965,-0.67
S&P 500,4132.15,-26.090000000000146,-0.63
NASDAQ,12081.392,-49.73899999999958,-0.41
VIX,26.19,-0.34999999999999787,-1.32
BITCOIN,31699.729,-35.064000000002125,-0.11
US 10-YR YIELD,2.844,0.10099999999999998,3.68
