Index,Level,Change,% Change
DOW,30530.25,641.4700000000012,2.15
S&P 500,3764.79,89.94999999999982,2.45
NASDAQ,11069.303,270.9529999999995,2.51
VIX,30.18,-0.8500000000000014,-2.74
BITCOIN,20812.299,249.84899999999834,1.22
US 10-YR YIELD,3.307,0.06800019999999973,2.1
