Index,Level,Change,% Change
DOW,33706.74,-292.3000000000029,-0.86
S&P 500,4228.48,-55.26000000000022,-1.29
NASDAQ,12705.215,-260.1270000000004,-2.01
VIX,20.63,1.0700000000000003,5.47
BITCOIN,21339.32,-1841.5920000000006,-7.94
US 10-YR YIELD,2.9889998,0.10899990000000015,3.78
