Index,Level,Change,% Change
DOW,32254.859375,-543.5390625,-1.66
S&P 500,3918.320068359375,-73.68994140625,-1.85
NASDAQ,11338.3544921875,-237.6455078125,-2.05
VIX,22.479999542236328,3.3699989318847656,17.63
BITCOIN,20369.220703125,-1348.859375,-6.21
US 10-YR YIELD,3.924999952316284,-0.051000118255615234,-1.28
