Index,Level,Change,% Change
DOW,31598.37,-235.7400000000016,-0.74
S&P 500,3912.98,-22.199999999999818,-0.56
NASDAQ,11317.819,-46.41600000000108,-0.41
VIX,32.8,0.23999999999999488,0.74
BITCOIN,28645.072,-416.4379999999983,-1.43
US 10-YR YIELD,2.817,-0.10399999999999965,-3.56
