Index,Level,Change,% Change
DOW,44722.05859375,-138.25,-0.31
S&P 500,5998.740234375,-22.8896484375,-0.38
NASDAQ,19060.48046875,-113.8203125,-0.59
VIX,13.899999618530273,-0.20000076293945312,-1.42
BITCOIN,94912.890625,-1049.640625,-1.09
US 10-YR YIELD,4.242000102996826,-0.059999942779541016,-1.39
