Index,Level,Change,% Change
DOW,32656.69921875,-232.390625,-0.71
S&P 500,3970.14990234375,-12.090087890625,-0.3
NASDAQ,11455.5439453125,-11.4365234375,-0.1
VIX,20.600000381469727,-0.35000038146972656,-1.67
BITCOIN,23195.798828125,-327.072265625,-1.39
US 10-YR YIELD,3.9159998893737793,-0.006000041961669922,-0.15
