Index,Level,Change,% Change
DOW,31730.3,-103.81000000000131,-0.33
S&P 500,3930.08,-5.099999999999909,-0.13
NASDAQ,11370.962,6.726999999998952,0.06
VIX,31.81,-0.7500000000000036,-2.3
BITCOIN,28719.574,-341.9359999999979,-1.18
US 10-YR YIELD,2.817,-0.10399999999999965,-3.56
