index,value,value_change,value_percent_change
DOW,32160.74,-84.95999999999913,-0.26
S&P 500,4001.05,9.8100000000004,0.25
NASDAQ,11737.671,114.42300000000068,0.98
VIX,32.95,-1.7999999999999972,-5.18
BITCOIN,31222.041,816.6680000000015,2.69
US 10-YR YIELD,2.993,-0.0860000000000003,-2.79
