Index,Level,Change,% Change
DOW,34086.0390625,368.94921875,1.09
S&P 500,4076.60009765625,58.830078125,1.46
NASDAQ,11584.5517578125,190.7421875,1.67
VIX,19.31999969482422,-0.6200008392333984,-3.11
BITCOIN,22972.380859375,132.2421875,0.58
US 10-YR YIELD,3.5290000438690186,-0.02200007438659668,-0.62
