Index,Level,Change,% Change
DOW,29926.94,-346.9300000000003,-1.15
S&P 500,3744.52,-38.76000000000022,-1.02
NASDAQ,11073.311,-75.32799999999952,-0.68
VIX,30.52,1.9699999999999989,6.9
BITCOIN,20058.838,-104.05199999999968,-0.52
US 10-YR YIELD,3.8259997,0.06699970000000022,1.78
