Index,Level,Change,% Change
DOW,35182.73828125,235.45703125,0.67
S&P 500,4553.35986328125,39.33984375,0.87
NASDAQ,14297.0791015625,171.5986328125,1.21
VIX,13.59000015258789,-0.21000003814697266,-1.52
BITCOIN,37548.41796875,161.87109375,0.43
US 10-YR YIELD,4.421999931335449,-0.01900005340576172,-0.43
