Index,Level,Change,% Change
DOW,33426.62890625,-109.28125,-0.33
S&P 500,4191.97998046875,-6.06982421875,-0.14
NASDAQ,12657.8974609375,-30.9423828125,-0.24
VIX,16.739999771118164,0.6900005340576172,4.3
BITCOIN,26855.044921875,22.8359375,0.09
US 10-YR YIELD,3.7049999237060547,0.056999921798706055,1.56
