Index,Level,Change,% Change
DOW,30967.82,-129.4399999999987,-0.42
S&P 500,3831.39,6.059999999999945,0.16
NASDAQ,11322.237,194.39199999999983,1.75
VIX,27.51,-0.019999999999999574,-0.07
BITCOIN,20587.389,386.72099999999773,1.91
US 10-YR YIELD,2.809,-0.07999999999999963,-2.77
