Index,Level,Change,% Change
DOW,33536.7,-211.1600000000035,-0.63
S&P 500,3957.25,-35.679999999999836,-0.89
NASDAQ,11196.221,-127.11000000000058,-1.12
VIX,23.76,1.240000000000002,5.51
BITCOIN,16341.834,-21.98199999999997,-0.13
US 10-YR YIELD,3.8650002,0.052000000000000046,1.36
