Index,Level,Change,% Change
DOW,31761.54,-228.5,-0.71
S&P 500,3921.05,-45.789999999999964,-1.15
NASDAQ,11562.574,-220.09199999999873,-1.87
VIX,24.63,1.2699999999999996,5.44
BITCOIN,20899.557,-416.35099999999875,-1.95
US 10-YR YIELD,2.7870002,-0.03299999999999992,-1.17
