Index,Level,Change,% Change
DOW,33573.28125,10.421875,0.03
S&P 500,4283.85009765625,10.06005859375,0.24
NASDAQ,13276.41796875,46.98828125,0.36
VIX,14.0,-0.7299995422363281,-4.96
BITCOIN,27079.119140625,1319.021484375,5.12
US 10-YR YIELD,3.699000120162964,0.006000041961669922,0.16
