Index,Level,Change,% Change
DOW,31790.87,-308.1200000000026,-0.96
S&P 500,3986.16,-44.45000000000027,-1.1
NASDAQ,11883.137,-134.53199999999924,-1.12
VIX,26.17,-0.03999999999999915,-0.15
BITCOIN,19954.912,-318.16400000000067,-1.57
US 10-YR YIELD,3.1100001,0.0,0.0
