Index,Level,Change,% Change
DOW,33093.33984375,328.689453125,1.0
S&P 500,4205.4501953125,54.17041015625,1.3
NASDAQ,12975.6875,277.59765625,2.19
VIX,18.010000228881836,-1.1299991607666016,-5.9
BITCOIN,26784.771484375,308.564453125,1.17
US 10-YR YIELD,3.809999942779541,-0.003999948501586914,-0.1
