Index,Level,Change,% Change
DOW,32244.580078125,382.599609375,1.2
S&P 500,3951.570068359375,34.93017578125,0.89
NASDAQ,11675.5380859375,45.0283203125,0.39
VIX,24.1299991607666,-1.3800010681152344,-5.41
BITCOIN,27983.607421875,-55.068359375,-0.2
US 10-YR YIELD,3.4810001850128174,0.08600020408630371,2.53
