Index,Level,Change,% Change
DOW,43995.7890625,-297.33984375,-0.67
S&P 500,5988.9599609375,-12.39013671875,-0.21
NASDAQ,19278.20703125,-20.552734375,-0.11
VIX,14.739999771118164,-0.23000049591064453,-1.54
BITCOIN,89425.4609375,723.9765625,0.82
US 10-YR YIELD,4.432000160217285,0.12400007247924805,2.88
