Index,Level,Change,% Change
DOW,42114.3984375,-259.9609375,-0.61
S&P 500,5808.1201171875,-1.73974609375,-0.03
NASDAQ,18518.60546875,103.115234375,0.56
VIX,20.329999923706055,1.25,6.55
BITCOIN,66709.921875,-1451.1328125,-2.13
US 10-YR YIELD,4.23199987411499,0.032000064849853516,0.76
