Index,Level,Change,% Change
DOW,30185.82,550.989999999998,1.86
S&P 500,3677.95,94.87999999999965,2.65
NASDAQ,10675.801,354.41200000000026,3.43
VIX,31.37,-0.6500000000000021,-2.03
BITCOIN,19526.59,262.00800000000163,1.36
US 10-YR YIELD,4.0150003,0.005000499999999519,0.12
