Index,Level,Change,% Change
DOW,35473.12890625,407.5078125,1.16
S&P 500,4518.43994140625,40.41015625,0.9
NASDAQ,13994.3984375,85.158203125,0.61
VIX,15.819999694824219,-1.2800006866455078,-7.49
BITCOIN,29102.556640625,60.4296875,0.21
US 10-YR YIELD,4.078000068664551,0.018000125885009766,0.44
