Index,Level,Change,% Change
DOW,34837.7109375,115.80078125,0.33
S&P 500,4515.77001953125,8.10986328125,0.18
NASDAQ,14031.814453125,-3.1552734375,-0.02
VIX,13.069999694824219,-0.5,-3.68
BITCOIN,25696.43359375,-235.0390625,-0.91
US 10-YR YIELD,4.172999858856201,0.07999992370605469,1.95
