Index,Level,Change,% Change
DOW,33012.140625,-336.4609375,-1.01
S&P 500,4109.89990234375,-26.3798828125,-0.64
NASDAQ,12343.052734375,-22.1572265625,-0.18
VIX,18.040000915527344,0.9200000762939453,5.37
BITCOIN,26970.521484375,-222.171875,-0.82
US 10-YR YIELD,3.5490002632141113,0.0410003662109375,1.17
