Index,Level,Change,% Change
DOW,34852.671875,292.69140625,0.85
S&P 500,4497.6298828125,64.31982421875,1.45
NASDAQ,13943.7568359375,238.626953125,1.74
VIX,14.460000038146973,-0.619999885559082,-4.11
BITCOIN,27874.02734375,1767.876953125,6.77
US 10-YR YIELD,4.122000217437744,-0.08999967575073242,-2.14
