Index,Level,Change,% Change
DOW,42924.890625,-6.7109375,-0.02
S&P 500,5851.2001953125,-2.77978515625,-0.05
NASDAQ,18573.12890625,33.119140625,0.18
VIX,18.190000534057617,-0.18000030517578125,-0.98
BITCOIN,67409.25,41.3984375,0.06
US 10-YR YIELD,4.203999996185303,0.021999835968017578,0.53
