Index,Level,Change,% Change
DOW,42827.48828125,-622.41015625,-1.43
S&P 500,5942.85009765625,-107.759765625,-1.78
NASDAQ,19625.796875,-483.263671875,-2.4
VIX,19.360000610351562,3.4900007247924805,21.99
BITCOIN,101729.453125,-4411.1484375,-4.16
US 10-YR YIELD,4.49399995803833,0.10899972915649414,2.49
