Index,Level,Change,% Change
DOW,34395.01,-194.75999999999476,-0.56
S&P 500,4076.57,-3.5399999999999636,-0.09
NASDAQ,11482.449,14.453000000001339,0.13
VIX,19.91,-0.6699999999999982,-3.26
BITCOIN,16896.209,-270.5310000000027,-1.58
US 10-YR YIELD,3.529,-0.17399980000000026,-4.7
