Index,Level,Change,% Change
DOW,41564.8984375,-57.1796875,-0.14
S&P 500,5628.4501953125,-4.6396484375,-0.08
NASDAQ,17628.060546875,35.9296875,0.2
VIX,17.6299991607666,0.48999977111816406,2.86
BITCOIN,60346.5,2153.9921875,3.7
US 10-YR YIELD,3.6419997215270996,0.020999670028686523,0.58
