Index,Level,Change,% Change
DOW,41954.23828125,-398.51171875,-0.94
S&P 500,5695.93994140625,-55.1298828125,-0.96
NASDAQ,17923.904296875,-213.9453125,-1.18
VIX,22.639999389648438,3.4300003051757812,17.86
BITCOIN,63199.625,380.671875,0.61
US 10-YR YIELD,4.026000022888184,0.04500007629394531,1.13
