Index,Level,Change,% Change
DOW,35075.01171875,-76.02734375,-0.22
S&P 500,4538.47021484375,-8.90966796875,-0.2
NASDAQ,14203.037109375,-81.4931640625,-0.57
VIX,13.15999984741211,-0.25,-1.86
BITCOIN,37031.8671875,-445.08984375,-1.19
US 10-YR YIELD,4.418000221252441,-0.0039997100830078125,-0.09
