Index,Level,Change,% Change
DOW,33414.171875,-250.90625,-0.75
S&P 500,4278.0,-36.60009765625,-0.85
NASDAQ,13186.17578125,-128.1240234375,-0.96
VIX,21.31999969482422,2.1000003814697266,10.93
BITCOIN,28757.384765625,429.04296875,1.51
US 10-YR YIELD,4.98799991607666,0.0840001106262207,1.71
