Index,Level,Change,% Change
DOW,42635.19921875,106.83984375,0.25
S&P 500,5918.25,9.22021484375,0.16
NASDAQ,19478.880859375,-10.798828125,-0.06
VIX,18.06999969482422,0.3699989318847656,2.09
BITCOIN,91467.2578125,-3576.265625,-3.76
US 10-YR YIELD,4.692999839782715,0.009999752044677734,0.21
