Index,Level,Change,% Change
DOW,38714.76953125,-190.890625,-0.49
S&P 500,5117.08984375,-33.39013671875,-0.65
NASDAQ,15973.173828125,-155.3564453125,-0.96
VIX,14.40999984741211,0.010000228881835938,0.07
BITCOIN,68202.5546875,-3194.0390625,-4.47
US 10-YR YIELD,4.303999900817871,0.006000041961669922,0.14
