Index,Level,Change,% Change
DOW,39512.12890625,401.3671875,1.03
S&P 500,5224.6201171875,46.1103515625,0.89
NASDAQ,16369.4072265625,202.6171875,1.25
VIX,13.0600004196167,-0.7599992752075195,-5.5
BITCOIN,66479.5,4566.7265625,7.38
US 10-YR YIELD,4.2729997634887695,-0.024000167846679688,-0.56
