Index,Level,Change,% Change
DOW,32272.79,-638.1100000000006,-1.94
S&P 500,4017.82,-97.95000000000027,-2.38
NASDAQ,11754.226,-332.04449999999997,-2.75
VIX,26.08,2.1199999999999974,8.85
BITCOIN,30117.035,-60.638999999999214,-0.2
US 10-YR YIELD,3.0440001,0.01500009999999996,0.5
