Index,Level,Change,% Change
DOW,33507.5,-158.83984375,-0.47
S&P 500,4288.0498046875,-11.650390625,-0.27
NASDAQ,13219.322265625,18.0419921875,0.14
VIX,17.610000610351562,0.2700004577636719,1.56
BITCOIN,26897.974609375,-123.572265625,-0.46
US 10-YR YIELD,4.572999954223633,-0.024000167846679688,-0.52
