Index,Level,Change,% Change
DOW,40563.05859375,554.66796875,1.39
S&P 500,5543.22021484375,88.01025390625,1.61
NASDAQ,17594.49609375,401.896484375,2.34
VIX,15.140000343322754,-1.0500001907348633,-6.49
BITCOIN,56883.94921875,-1853.3203125,-3.16
US 10-YR YIELD,3.925999879837036,0.10599994659423828,2.77
