Index,Level,Change,% Change
DOW,44700.1015625,403.58984375,0.91
S&P 500,5983.14990234375,13.81005859375,0.23
NASDAQ,19040.439453125,36.7890625,0.19
VIX,14.930000305175781,-0.3099994659423828,-2.03
BITCOIN,95022.28125,-2991.5390625,-3.05
US 10-YR YIELD,4.265000343322754,-0.14499950408935547,-3.29
