Index,Level,Change,% Change
DOW,29683.74,548.75,1.88
S&P 500,3719.04,71.75,1.97
NASDAQ,11051.637,222.1329999999998,2.05
VIX,30.18,-2.4200000000000017,-7.42
BITCOIN,19554.762,455.28899999999703,2.38
US 10-YR YIELD,3.705,-0.2589999999999999,-6.53
