Index,Level,Change,% Change
DOW,32661.83984375,5.140625,0.02
S&P 500,3951.389892578125,-18.760009765625,-0.47
NASDAQ,11379.484375,-76.0556640625,-0.66
VIX,20.6200008392334,-0.07999992370605469,-0.39
BITCOIN,23449.798828125,302.4453125,1.31
US 10-YR YIELD,3.99399995803833,0.07800006866455078,1.99
