Index,Level,Change,% Change
DOW,32417.58984375,-366.7109375,-1.12
S&P 500,4117.3701171875,-19.85986328125,-0.48
NASDAQ,12643.0107421875,47.400390625,0.38
VIX,21.299999237060547,0.6199989318847656,3.0
BITCOIN,33767.22265625,-389.42578125,-1.14
US 10-YR YIELD,4.845000267028809,4.76837158203125e-07,0.0
