Index,Level,Change,% Change
DOW,33052.87109375,123.91015625,0.38
S&P 500,4193.7998046875,26.97998046875,0.65
NASDAQ,12851.23828125,61.7578125,0.48
VIX,18.1299991607666,-1.6200008392333984,-8.2
BITCOIN,34644.86328125,142.5,0.41
US 10-YR YIELD,4.875,0.0,0.0
