Index,Level,Change,% Change
DOW,39908.0,349.890625,0.88
S&P 500,5308.14990234375,61.4697265625,1.17
NASDAQ,16742.390625,231.2109375,1.4
VIX,12.430000305175781,-0.9899997711181641,-7.38
BITCOIN,65935.0390625,4382.25,7.12
US 10-YR YIELD,4.355999946594238,-0.08900022506713867,-2.0
