Index,Level,Change,% Change
DOW,42498.98046875,172.109375,0.41
S&P 500,5892.33984375,20.1796875,0.34
NASDAQ,19470.21875,77.529296875,0.4
VIX,23.68000030517578,-3.940000534057617,-14.27
BITCOIN,96324.6640625,-3716.875,-3.72
US 10-YR YIELD,4.570000171661377,0.07600021362304688,1.69
