Index,Level,Change,% Change
DOW,40829.58984375,484.1796875,1.2
S&P 500,5471.0498046875,62.6298828125,1.16
NASDAQ,16884.603515625,193.7734375,1.16
VIX,19.479999542236328,-2.8999996185302734,-12.96
BITCOIN,56858.76953125,2017.203125,3.68
US 10-YR YIELD,3.697000026702881,-0.013000011444091797,-0.35
