Index,Level,Change,% Change
DOW,31173.84,-164.3100000000013,-0.52
S&P 500,3854.43,-44.95000000000027,-1.15
NASDAQ,11372.599,-262.70900000000074,-2.26
VIX,26.17,1.5300000000000011,6.21
BITCOIN,20475.043,-332.8179999999993,-1.6
US 10-YR YIELD,2.991,-0.10999999999999988,-3.55
