Index,Level,Change,% Change
DOW,40954.48046875,742.76171875,1.85
S&P 500,5667.2001953125,35.97998046875,0.64
NASDAQ,18509.33984375,36.76953125,0.2
VIX,13.170000076293945,0.05000019073486328,0.38
BITCOIN,65043.2890625,173.13671875,0.27
US 10-YR YIELD,4.166999816894531,-0.062000274658203125,-1.47
