Index,Level,Change,% Change
DOW,37463.109375,196.4375,0.53
S&P 500,4777.7998046875,38.58984375,0.81
NASDAQ,15046.294921875,190.6748046875,1.28
VIX,14.180000305175781,-0.6099996566772461,-4.12
BITCOIN,40880.76171875,-1861.890625,-4.36
US 10-YR YIELD,4.144000053405762,0.03800010681152344,0.93
