Index,Level,Change,% Change
DOW,40347.96875,-494.8203125,-1.21
S&P 500,5446.68017578125,-75.61962890625,-1.37
NASDAQ,17194.14453125,-405.255859375,-2.3
VIX,18.639999389648438,2.279998779296875,13.94
BITCOIN,63328.17578125,-1291.07421875,-2.0
US 10-YR YIELD,3.9759998321533203,-0.13300037384033203,-3.24
