Index,Level,Change,% Change
DOW,42175.109375,260.359375,0.62
S&P 500,5745.3701171875,23.1103515625,0.4
NASDAQ,18190.291015625,108.080078125,0.6
VIX,15.369999885559082,-0.039999961853027344,-0.26
BITCOIN,64726.734375,1583.58984375,2.51
US 10-YR YIELD,3.7909998893737793,0.009999990463256836,0.26
