Index,Level,Change,% Change
DOW,34721.91015625,-168.328125,-0.48
S&P 500,4507.66015625,-7.2099609375,-0.16
NASDAQ,14034.96875,15.6591796875,0.11
VIX,13.550000190734863,-0.3299999237060547,-2.38
BITCOIN,26141.33203125,-1155.93359375,-4.23
US 10-YR YIELD,4.0929999351501465,-0.02500009536743164,-0.61
