Index,Level,Change,% Change
DOW,39118.859375,-45.19921875,-0.12
S&P 500,5460.47998046875,-22.39013671875,-0.41
NASDAQ,17732.603515625,-126.076171875,-0.71
VIX,12.430000305175781,0.1900005340576172,1.55
BITCOIN,60207.56640625,-1397.234375,-2.27
US 10-YR YIELD,4.3429999351501465,0.05499982833862305,1.28
