Index,Level,Change,% Change
DOW,39308.0,-23.8515625,-0.06
S&P 500,5537.02001953125,28.01025390625,0.51
NASDAQ,18188.30078125,159.541015625,0.88
VIX,12.09000015258789,0.06000041961669922,0.5
BITCOIN,59771.81640625,-2257.19921875,-3.64
US 10-YR YIELD,4.355000019073486,-0.08099985122680664,-1.83
