Index,Level,Change,% Change
DOW,40890.48828125,0.0,0.0
S&P 500,5570.64013671875,-50.2099609375,-0.89
NASDAQ,17619.353515625,-299.63671875,-1.67
VIX,17.540000915527344,1.2700004577636719,7.81
BITCOIN,60359.2578125,-815.93359375,-1.33
US 10-YR YIELD,3.861999988555908,0.0839998722076416,2.22
