Index,Level,Change,% Change
DOW,38369.73828125,96.98828125,0.25
S&P 500,4988.31005859375,35.14013671875,0.71
NASDAQ,15807.083984375,151.484375,0.97
VIX,14.670000076293945,-1.1800003051757812,-7.44
BITCOIN,51820.3046875,2077.86328125,4.18
US 10-YR YIELD,4.2669997215271,-0.04900026321411133,-1.14
