Index,Level,Change,% Change
DOW,42330.1484375,17.1484375,0.04
S&P 500,5762.47998046875,24.31005859375,0.42
NASDAQ,18189.169921875,69.580078125,0.38
VIX,16.719999313354492,-0.23999977111816406,-1.42
BITCOIN,63632.9140625,-2002.390625,-3.05
US 10-YR YIELD,3.802000045776367,0.05299997329711914,1.41
