Index,Level,Change,% Change
DOW,34128.05078125,38.78125,0.11
S&P 500,4147.60009765625,11.47021484375,0.28
NASDAQ,12070.5927734375,110.4423828125,0.92
VIX,18.229999542236328,-0.6800003051757812,-3.6
BITCOIN,24097.236328125,1876.431640625,8.44
US 10-YR YIELD,3.809000015258789,0.04800009727478027,1.28
