Index,Level,Change,% Change
DOW,39072.671875,76.28125,0.2
S&P 500,5135.08984375,38.81982421875,0.76
NASDAQ,16270.4208984375,178.5009765625,1.11
VIX,13.369999885559082,-0.029999732971191406,-0.22
BITCOIN,62433.390625,1235.0078125,2.02
US 10-YR YIELD,4.179999828338623,-0.07200002670288086,-1.69
