Index,Level,Change,% Change
DOW,33402.37890625,-198.76953125,-0.59
S&P 500,4100.60009765625,-23.90966796875,-0.58
NASDAQ,12126.3271484375,-63.123046875,-0.52
VIX,18.969999313354492,0.4200000762939453,2.26
BITCOIN,28201.134765625,410.9140625,1.48
US 10-YR YIELD,3.3369998931884766,-0.09300017356872559,-2.71
