Index,Level,Change,% Change
DOW,33141.37890625,204.96875,0.62
S&P 500,4247.68017578125,30.64013671875,0.73
NASDAQ,13139.875,121.544921875,0.93
VIX,18.889999389648438,-1.480001449584961,-7.27
BITCOIN,33907.0703125,820.8359375,2.48
US 10-YR YIELD,4.840000152587891,0.0020003318786621094,0.04
