Index,Level,Change,% Change
DOW,33420.76953125,408.62890625,1.24
S&P 500,4158.77001953125,48.8701171875,1.19
NASDAQ,12500.56640625,157.5166015625,1.28
VIX,16.8700008392334,-1.1199989318847656,-6.23
BITCOIN,27362.94921875,326.298828125,1.21
US 10-YR YIELD,3.5810000896453857,0.032000064849853516,0.9
